/media/david/One Touch/Sons/Anura_blantec31FR_01VI2022_i158.wav,0.61,541.18,4.6,13241.48,Pelophylax kl.
/media/david/One Touch/Sons/Anura_blantec31FR_01VI2022_i158.wav,5.0,522.9,16.16,7173.92,Pelophylax kl.
/media/david/One Touch/Sons/Anura_blantec31FR_01VI2022_i158.wav,8.81,-1.0,15.57,995.01,Vent
/media/david/One Touch/Sons/Anura_blantec31FR_01VI2022_i158.wav,18.04,522.9,18.45,6720.15,Pelophylax kl.
/media/david/One Touch/Sons/Anura_dlpetuc11FR_19V2022_i186.wav,0.41,799.24,21.93,8149.59,Hyla meridionalis
/media/david/One Touch/Sons/Anura_dlpetuc11FR_19V2022_i186.wav,7.06,272.56,7.59,3308.7,Eau
/media/david/One Touch/Sons/Anura_dlpetuc11FR_19V2022_i187.wav,0.0,776.8,8.89,8280.71,Hyla meridionalis
/media/david/One Touch/Sons/Anura_dlpetuc11FR_19V2022_i187.wav,0.69,130.07,1.84,907.01,Voix
/media/david/One Touch/Sons/Anura_dlpetuc11FR_19V2022_i187.wav,3.32,245.86,6.1,1022.04,Voix
/media/david/One Touch/Sons/Anura_dlpetuc11FR_19V2022_i187.wav,3.58,3012.42,3.62,21703.15,Pas
/media/david/One Touch/Sons/Anura_dlpetuc11FR_19V2022_i187.wav,5.1,1789.88,5.17,21192.77,Pas
/media/david/One Touch/Sons/Anura_dlpetuc11FR_19V2022_i187.wav,5.7,386.12,5.74,21361.59,Pas
/media/david/One Touch/Sons/Anura_dlpetuc11FR_19V2022_i187.wav,6.97,253.15,7.86,822.88,Voix
/media/david/One Touch/Sons/Anura_dlpetuc11FR_19V2022_i187.wav,9.44,788.77,10.86,8554.81,Hyla meridionalis
/media/david/One Touch/Sons/Anura_dlpetuc11FR_19V2022_i187.wav,9.54,4046.93,9.58,21025.24,Pas
/media/david/One Touch/Sons/Anura_dlpetuc11FR_19V2022_i187.wav,11.24,870.4,14.71,8490.07,Hyla meridionalis
/media/david/One Touch/Sons/Anura_dlpetuc11FR_19V2022_i187.wav,14.03,182.68,15.04,1008.87,Voix
/media/david/One Touch/Sons/Anura_dlpetuc11FR_19V2022_i187.wav,15.4,894.72,18.54,8280.71,Hyla meridionalis
/media/david/One Touch/Sons/Anura_dlpetuc11FR_19V2022_i187.wav,18.84,-1.0,19.33,1308.01,Micro
/media/david/One Touch/Sons/Anura_dlpetuc11FR_19V2022_i187.wav,19.9,-1.0,20.05,667.6,Micro
/media/david/One Touch/Sons/Anura_dlpetuc11FR_19V2022_i187.wav,21.63,-1.0,26.06,636.45,Vent
/media/david/One Touch/Sons/Anura_dlpetuc11FR_19V2022_i187.wav,23.19,882.51,24.49,8704.32,Hyla meridionalis
/media/david/One Touch/Sons/Anura_dlpetuc11FR_19V2022_i187.wav,25.0,841.86,26.19,8349.96,Hyla meridionalis
/media/david/One Touch/Sons/Anura_dlpetuc11FR_19V2022_i187.wav,26.79,919.4,29.69,8143.79,Hyla meridionalis
/media/david/One Touch/Sons/Anura_dlpetuc11FR_19V2022_i187.wav,35.05,799.66,35.56,8349.96,Hyla meridionalis
/media/david/One Touch/Sons/Anura_dlpetuc11FR_19V2022_i187.wav,35.77,957.16,36.07,4425.94,Hyla meridionalis
/media/david/One Touch/Sons/Anura_dlpetuc11FR_19V2022_i187.wav,36.7,846.46,43.14,8211.99,Hyla meridionalis
/media/david/One Touch/Sons/Anura_dlpetuc11FR_19V2022_i187.wav,43.41,944.48,43.95,4347.79,Hyla meridionalis
/media/david/One Touch/Sons/Anura_jtfoalb81FR_19III2022_i47.wav,0.0,1786.3,1.48,19956.02,Pelophylax ridibundus
/media/david/One Touch/Sons/Anura_jtfoalb81FR_19III2022_i47.wav,0.33,1216.22,0.64,2111.68,Pelophylax kl.
/media/david/One Touch/Sons/Anura_jtfoalb81FR_19III2022_i47.wav,1.86,1656.37,3.79,19996.26,Pelophylax ridibundus
/media/david/One Touch/Sons/Anura_jtfoalb81FR_19III2022_i47.wav,1.95,1207.23,2.11,2062.77,Pelophylax kl.
/media/david/One Touch/Sons/Anura_jtfoalb81FR_19III2022_i47.wav,2.46,1188.69,2.6,1786.3,Pelophylax kl.
/media/david/One Touch/Sons/Anura_jtfoalb81FR_19III2022_i47.wav,2.99,1134.82,3.14,1663.53,Pelophylax kl.
/media/david/One Touch/Sons/Anura_jtfoalb81FR_19III2022_i47.wav,3.64,1069.64,3.79,1466.99,Pelophylax kl.
/media/david/One Touch/Sons/Anura_jtfoalb81FR_19III2022_i47.wav,3.83,1860.43,4.36,5170.89,Pelophylax ridibundus
/media/david/One Touch/Sons/Anura_jtfoalb81FR_19III2022_i47.wav,4.21,1082.48,4.36,1596.11,Pelophylax kl.
/media/david/One Touch/Sons/Anura_jtfoalb81FR_19III2022_i47.wav,4.39,1735.92,5.62,20346.13,Pelophylax ridibundus
/media/david/One Touch/Sons/Anura_jtfoalb81FR_19III2022_i47.wav,5.19,1148.14,5.53,2236.42,Pelophylax kl.
/media/david/One Touch/Sons/Anura_jtfoalb81FR_19III2022_i47.wav,5.97,1368.54,6.57,19860.31,Pelophylax ridibundus
/media/david/One Touch/Sons/Anura_jtfoalb81FR_19III2022_i47.wav,6.64,1126.29,6.76,1606.73,Pelophylax kl.
/media/david/One Touch/Sons/Anura_jtfoalb81FR_19III2022_i47.wav,6.89,1661.23,7.43,19860.31,Pelophylax ridibundus
/media/david/One Touch/Sons/Anura_jtfoalb81FR_19III2022_i47.wav,8.06,1717.03,8.65,20628.74,Pelophylax ridibundus
/media/david/One Touch/Sons/Anura_jtfoalb81FR_19III2022_i47.wav,8.16,1274.14,8.49,1953.7,Pelophylax kl.
/media/david/One Touch/Sons/Anura_jtfoalb81FR_19III2022_i47.wav,8.7,2102.33,9.09,5170.89,Pelophylax ridibundus
/media/david/One Touch/Sons/Anura_jtfoalb81FR_19III2022_i47.wav,9.27,1417.42,9.9,20020.99,Pelophylax ridibundus
/media/david/One Touch/Sons/Anura_jtfoalb81FR_19III2022_i47.wav,10.62,1774.14,11.2,20346.13,Pelophylax ridibundus
/media/david/One Touch/Sons/Anura_jtfoalb81FR_19III2022_i47.wav,11.22,1351.3,11.62,5216.78,Pelophylax ridibundus
/media/david/One Touch/Sons/Anura_jtfoalb81FR_19III2022_i47.wav,11.67,1450.64,11.95,4403.26,Pelophylax kl.
/media/david/One Touch/Sons/Anura_jtfoalb81FR_19III2022_i47.wav,12.01,1274.14,12.36,4875.03,Pelophylax kl.
/media/david/One Touch/Sons/Anura_jtfoalb81FR_19III2022_i47.wav,12.7,1812.96,13.32,20182.93,Pelophylax ridibundus
/media/david/One Touch/Sons/Anura_jtfoalb81FR_19III2022_i47.wav,13.91,2102.33,14.54,19860.31,Pelophylax ridibundus
/media/david/One Touch/Sons/Anura_jtfoalb81FR_19III2022_i47.wav,15.1,2102.33,15.83,19700.87,Pelophylax ridibundus
/media/david/One Touch/Sons/Anura_jtfoalb81FR_23III2022_i48.wav,0.14,3922.83,2.85,19768.15,Arroseur
/media/david/One Touch/Sons/Anura_jtfoalb81FR_23III2022_i48.wav,1.78,1418.03,2.62,4565.06,Pelophylax ridibundus
/media/david/One Touch/Sons/Anura_jtfoalb81FR_23III2022_i48.wav,2.96,3848.26,7.26,21518.69,Arroseur
/media/david/One Touch/Sons/Anura_jtfoalb81FR_23III2022_i48.wav,4.61,1350.26,5.5,4522.43,Pelophylax ridibundus
/media/david/One Touch/Sons/Anura_jtfoalb81FR_23III2022_i48.wav,5.81,1071.13,6.06,1712.28,Pelophylax kl.
/media/david/One Touch/Sons/Anura_jtfoalb81FR_23III2022_i48.wav,6.02,1578.83,6.82,4783.5,Pelophylax ridibundus
/media/david/One Touch/Sons/Anura_jtfoalb81FR_23III2022_i48.wav,7.31,4565.06,15.78,20273.53,Arroseur
/media/david/One Touch/Sons/Anura_jtfoalb81FR_23III2022_i48.wav,7.31,1712.28,8.13,4828.27,Pelophylax ridibundus
/media/david/One Touch/Sons/Anura_jtfoalb81FR_23III2022_i48.wav,9.16,1673.38,9.99,4964.77,Pelophylax ridibundus
/media/david/One Touch/Sons/Anura_jtfoalb81FR_23III2022_i48.wav,9.99,1085.59,10.16,1959.5,Pelophylax kl.
/media/david/One Touch/Sons/Anura_jtfoalb81FR_23III2022_i48.wav,10.41,2003.1,11.34,4873.4,Pelophylax ridibundus
/media/david/One Touch/Sons/Anura_jtfoalb81FR_23III2022_i48.wav,11.12,1236.83,11.4,2138.23,Pelophylax kl.
/media/david/One Touch/Sons/Anura_jtfoalb81FR_23III2022_i48.wav,11.97,1174.85,12.24,1597.43,Pelophylax kl.
/media/david/One Touch/Sons/Anura_jtfoalb81FR_23III2022_i48.wav,12.35,1712.28,13.78,4651.37,Pelophylax ridibundus
/media/david/One Touch/Sons/Anura_jtfoalb81FR_23III2022_i48.wav,12.77,1100.17,13.1,1673.38,Pelophylax kl.
/media/david/One Touch/Sons/Anura_jtfoalb81FR_23III2022_i48.wav,13.69,1129.68,13.99,1731.98,Pelophylax kl.
/media/david/One Touch/Sons/Anura_jtfoalb81FR_23III2022_i48.wav,14.62,1635.09,15.31,4783.5,Pelophylax ridibundus
/media/david/One Touch/Sons/Anura_jtfoalb81FR_23III2022_i48.wav,14.65,973.15,14.88,1597.43,Pelophylax kl.
/media/david/One Touch/Sons/Anura_jtfoalb81FR_23III2022_i48.wav,16.25,2255.99,17.55,4462.55,Pelophylax ridibundus
/media/david/One Touch/Sons/Anura_jtfoalb81FR_23III2022_i48.wav,16.84,5011.01,21.48,20103.7,Arroseur
/media/david/One Touch/Sons/Anura_jtfoalb81FR_23III2022_i48.wav,18.74,1853.56,19.6,4873.4,Pelophylax ridibundus
/media/david/One Touch/Sons/Anura_jtfoalb81FR_23III2022_i48.wav,19.83,1221.15,20.04,1853.56,Pelophylax kl.
/media/david/One Touch/Sons/Anura_jtfoalb81FR_23III2022_i48.wav,21.23,1731.98,22.23,4651.37,Pelophylax ridibundus
/media/david/One Touch/Sons/Anura_jtfoalb81FR_23III2022_i48.wav,21.54,3885.39,30.98,20103.7,Arroseur
/media/david/One Touch/Sons/Anura_jtfoalb81FR_23III2022_i48.wav,23.97,880.58,24.24,1505.91,Pelophylax kl.
/media/david/One Touch/Sons/Anura_jtfoalb81FR_23III2022_i48.wav,24.9,1692.75,25.92,4783.5,Pelophylax ridibundus
/media/david/One Touch/Sons/Anura_jtfoalb81FR_23III2022_i48.wav,26.54,1190.16,26.79,1673.38,Pelophylax kl.
/media/david/One Touch/Sons/Anura_jtfoalb81FR_23III2022_i48.wav,28.07,1692.75,28.89,4608.04,Pelophylax ridibundus
/media/david/One Touch/Sons/Anura_jtfoalb81FR_23III2022_i48.wav,31.1,4314.38,35.46,20103.7,Arroseur
/media/david/One Touch/Sons/Anura_jtfoalb81FR_23III2022_i48.wav,31.27,959.6,31.47,1418.03,Pelophylax kl.
/media/david/One Touch/Sons/Anura_jtfoalb81FR_23III2022_i48.wav,31.6,1751.83,32.29,4565.06,Pelophylax ridibundus
/media/david/One Touch/Sons/Anura_jtfoalb81FR_23III2022_i48.wav,33.83,973.15,34.05,1673.38,Pelophylax kl.
/media/david/One Touch/Sons/Anura_jtfoalb81FR_23III2022_i48.wav,34.55,1673.38,35.41,4783.5,Pelophylax ridibundus
/media/david/One Touch/Sons/Anura_jtfoalb81FR_23III2022_i48.wav,35.55,4438.19,35.98,20103.7,Arroseur
/media/david/One Touch/Sons/Anura_jtfoalb81FR_23III2022_i48.wav,35.61,1000.58,35.94,1578.83,Pelophylax kl.
/media/david/One Touch/Sons/Anura_pdbifon31FR_21III2022_i46.wav,0.1,719.06,0.55,2295.21,Hyla meridionalis
/media/david/One Touch/Sons/Anura_pdbifon31FR_21III2022_i46.wav,1.39,759.12,1.77,2042.42,Hyla meridionalis
/media/david/One Touch/Sons/Anura_pdbifon31FR_21III2022_i46.wav,2.85,732.29,3.37,2351.18,Hyla meridionalis
/media/david/One Touch/Sons/Anura_pdbifon31FR_21III2022_i46.wav,3.96,759.12,4.44,2253.75,Hyla meridionalis
/media/david/One Touch/Sons/Anura_pdbifon31FR_21III2022_i46.wav,4.46,197.03,4.96,1227.49,Voix
/media/david/One Touch/Sons/Anura_pdbifon31FR_21III2022_i46.wav,5.85,745.64,6.31,2093.79,Hyla meridionalis
/media/david/One Touch/Sons/Anura_pdbifon31FR_21III2022_i46.wav,9.02,719.06,9.51,2146.12,Hyla meridionalis
/media/david/One Touch/Sons/Anura_pdbifon31FR_21III2022_i46.wav,9.46,252.16,10.1,593.3,Voix
/media/david/One Touch/Sons/Anura_pdbifon31FR_21III2022_i46.wav,10.18,689.06,10.66,3387.19,Hyla meridionalis
/media/david/One Touch/Sons/Anura_pdbifon31FR_21III2022_i46.wav,11.05,705.95,11.56,2309.53,Hyla meridionalis
/media/david/One Touch/Sons/Anura_pdbifon31FR_21III2022_i46.wav,13.0,745.64,13.41,2093.79,Hyla meridionalis
/media/david/One Touch/Sons/Anura_pdbifon31FR_21III2022_i46.wav,13.56,786.45,13.88,4148.64,Reniflement
/media/david/One Touch/Sons/Anura_pdbifon31FR_21III2022_i46.wav,13.8,787.16,14.17,2042.42,Hyla meridionalis
/media/david/One Touch/Sons/Anura_pdbifon31FR_21III2022_i46.wav,14.8,617.53,15.11,2067.98,Hyla meridionalis
/media/david/One Touch/Sons/Anura_pdlmtou09FR_25IV2022_i55.wav,0.1,1001.68,0.74,2381.34,Hyla meridionalis
/media/david/One Touch/Sons/Anura_pdlmtou09FR_25IV2022_i55.wav,0.92,926.65,1.54,2335.37,Hyla meridionalis
/media/david/One Touch/Sons/Anura_pdlmtou09FR_25IV2022_i55.wav,1.65,670.15,2.52,2962.8,Hyla meridionalis
/media/david/One Touch/Sons/Anura_pdlmtou09FR_25IV2022_i55.wav,2.78,843.28,3.61,2752.56,Hyla meridionalis
/media/david/One Touch/Sons/Anura_pdlmtou09FR_25IV2022_i55.wav,3.78,786.36,4.77,2358.27,Hyla meridionalis
/media/david/One Touch/Sons/Anura_pdlmtou09FR_25IV2022_i55.wav,5.27,843.28,6.15,2962.8,Hyla meridionalis
/media/david/One Touch/Sons/Anura_pdlmtou09FR_25IV2022_i55.wav,6.35,710.19,7.02,2136.84,Hyla meridionalis
/media/david/One Touch/Sons/Anura_pdlmtou09FR_25IV2022_i55.wav,8.1,938.92,8.8,2935.37,Hyla meridionalis
/media/david/One Touch/Sons/Anura_pdlmtou09FR_25IV2022_i55.wav,8.98,731.54,9.39,2290.08,Hyla meridionalis
/media/david/One Touch/Sons/Anura_pdlmtou09FR_25IV2022_i55.wav,10.65,902.38,11.17,2697.6,Hyla meridionalis
/media/david/One Touch/Sons/Anura_pdlmtou09FR_25IV2022_i55.wav,11.22,869.96,11.68,2381.34,Hyla meridionalis
/media/david/One Touch/Sons/Anura_pdlmtou09FR_25IV2022_i55.wav,11.68,689.15,12.1,2052.82,Hyla meridionalis
/media/david/One Touch/Sons/Anura_pdlmtou09FR_25IV2022_i55.wav,12.32,938.92,12.93,2475.38,Hyla meridionalis
/media/david/One Touch/Sons/Anura_pdlmtou09FR_25IV2022_i55.wav,13.08,678.75,13.48,2115.6,Hyla meridionalis
/media/david/One Touch/Sons/Anura_pdlmtou09FR_25IV2022_i56.wav,0.51,2082.26,1.02,2627.09,Hyla meridionalis
/media/david/One Touch/Sons/Anura_pdlmtou09FR_25IV2022_i56.wav,1.18,1609.38,1.75,2481.62,Hyla meridionalis
/media/david/One Touch/Sons/Anura_pdlmtou09FR_25IV2022_i56.wav,1.96,1133.06,2.35,2166.44,Hyla meridionalis
/media/david/One Touch/Sons/Anura_pdlmtou09FR_25IV2022_i56.wav,3.16,1960.61,3.69,2627.09,Hyla meridionalis
/media/david/One Touch/Sons/Anura_pdlmtou09FR_25IV2022_i56.wav,3.71,1714.97,4.43,2434.56,Hyla meridionalis
/media/david/One Touch/Sons/Anura_pdlmtou09FR_25IV2022_i56.wav,4.63,1092.54,5.06,2082.26,Hyla meridionalis
/media/david/One Touch/Sons/Anura_pdlmtou09FR_25IV2022_i56.wav,5.72,1661.59,6.3,2683.15,Hyla meridionalis
/media/david/One Touch/Sons/Anura_pdlmtou09FR_25IV2022_i56.wav,6.3,1679.25,6.89,2529.39,Hyla meridionalis
/media/david/One Touch/Sons/Anura_pdlmtou09FR_25IV2022_i56.wav,7.59,1241.05,7.96,2166.44,Hyla meridionalis
/media/david/One Touch/Sons/Anura_pdlmtou09FR_25IV2022_i56.wav,9.35,1656.63,9.95,2342.51,Hyla meridionalis
/media/david/One Touch/Sons/Anura_pdlmtou09FR_25IV2022_i56.wav,10.23,1657.34,10.78,2727.75,Hyla meridionalis
/media/david/One Touch/Sons/Anura_pdlmtou09FR_25IV2022_i56.wav,10.81,1201.2,11.19,2166.44,Hyla meridionalis
/media/david/One Touch/Sons/Anura_pdlmtou09FR_25IV2022_i56.wav,13.39,2082.26,13.88,2702.31,Hyla meridionalis
/media/david/One Touch/Sons/Anura_pdlmtou09FR_25IV2022_i56.wav,13.95,1844.28,14.29,2103.07,Hyla meridionalis
/media/david/One Touch/Sons/Anura_pdlmtou09FR_25IV2022_i56.wav,14.56,1133.06,14.94,2082.26,Hyla meridionalis
/media/david/One Touch/Sons/Anura_pdlmtou09FR_25IV2022_i56.wav,15.22,1788.04,15.77,2342.51,Hyla meridionalis
/media/david/One Touch/Sons/Anura_pdlmtou09FR_25IV2022_i56.wav,15.95,1146.77,16.32,2145.16,Hyla meridionalis
/media/david/One Touch/Sons/Anura_pdlmtou09FR_25IV2022_i56.wav,16.85,2166.44,17.4,2727.75,Hyla meridionalis
/media/david/One Touch/Sons/Anura_pdlmtou09FR_25IV2022_i56.wav,17.41,1825.39,17.83,2082.26,Hyla meridionalis
/media/david/One Touch/Sons/Anura_pdlmtou09FR_25IV2022_i56.wav,18.0,1844.28,18.54,2434.56,Hyla meridionalis
/media/david/One Touch/Sons/Anura_pdlmtou09FR_25IV2022_i56.wav,18.57,1066.02,18.97,2082.26,Hyla meridionalis
/media/david/One Touch/Sons/Anura_pdlmtou09FR_25IV2022_i56.wav,19.77,1079.23,20.33,2677.05,Hyla meridionalis
/media/david/One Touch/Sons/Anura_pdlmtou09FR_25IV2022_i56.wav,21.32,1769.57,21.86,2434.56,Hyla meridionalis
/media/david/One Touch/Sons/Anura_rdlplbb09FR_08IV2022_i49.wav,0.02,477.52,28.64,4993.91,Hyla meridionalis
/media/david/One Touch/Sons/Anura_rdlplbb09FR_08IV2022_i50.wav,0.0,725.52,27.41,4079.49,Hyla meridionalis
/media/david/One Touch/Sons/Anura_rdlplbb09FR_08IV2022_i50.wav,0.44,290.27,4.32,761.79,Voix
/media/david/One Touch/Sons/Anura_rdlplbb09FR_08IV2022_i50.wav,4.11,315.46,6.82,734.5,Voix
/media/david/One Touch/Sons/Anura_rdlplbb09FR_08IV2022_i50.wav,7.85,309.11,8.55,597.34,Voix
/media/david/One Touch/Sons/Anura_rdlplbb09FR_08IV2022_i50.wav,9.77,422.82,10.42,743.54,Voix
/media/david/One Touch/Sons/Anura_rdlplbb09FR_08IV2022_i50.wav,14.2,437.02,14.66,681.44,Voix
/media/david/One Touch/Sons/Anura_rdlplbb09FR_08IV2022_i50.wav,17.67,388.11,20.43,738.33,Voix
/media/david/One Touch/Sons/Anura_rdlplbb09FR_08IV2022_i50.wav,21.86,341.3,22.42,565.15,Voix
/media/david/One Touch/Sons/Anura_rdlplbb09FR_08IV2022_i50.wav,23.03,367.8,24.99,672.79,Voix
/media/david/One Touch/Sons/Anura_rdlplbb09FR_08IV2022_i50.wav,26.1,212.62,27.45,672.79,Voix
/media/david/One Touch/Sons/Anura_rdlplbb09FR_08IV2022_i51.wav,0.0,638.22,15.66,5361.77,Hyla meridionalis
/media/david/One Touch/Sons/Anura_rdlplbb09FR_08IV2022_i51.wav,6.15,88.45,6.24,796.34,Non identifié
/media/david/One Touch/Sons/Anura_rdlplbb09FR_08IV2022_i51.wav,8.02,121.57,9.36,678.13,Non identifié
/media/david/One Touch/Sons/Anura_rdlplbb09FR_08IV2022_i51.wav,10.5,197.3,10.57,719.24,Non identifié
/media/david/One Touch/Sons/Anura_rdlplbb09FR_08IV2022_i51.wav,11.17,88.45,11.23,886.93,Non identifié
/media/david/One Touch/Sons/Anura_rdlplbb09FR_08IV2022_i51.wav,12.09,262.87,12.31,678.13,Non identifié
/media/david/One Touch/Sons/Anura_rdlplbb09FR_08IV2022_i51.wav,13.76,102.48,15.54,702.65,Non identifié
/media/david/One Touch/Sons/Anura_rdlplbb09FR_08IV2022_i52.wav,0.52,1936.77,0.76,4489.7,Pelodytes punctatus
/media/david/One Touch/Sons/Anura_rdlplbb09FR_08IV2022_i52.wav,1.94,593.18,2.2,1657.69,Voix
/media/david/One Touch/Sons/Anura_rdlplbb09FR_08IV2022_i52.wav,2.92,1713.88,3.17,3328.89,Pelodytes punctatus
/media/david/One Touch/Sons/Anura_rdlplbb09FR_08IV2022_i52.wav,3.43,955.99,3.56,1875.39,Voix
/media/david/One Touch/Sons/Anura_rdlplbb09FR_08IV2022_i52.wav,5.42,1830.3,5.66,3166.21,Pelodytes punctatus
/media/david/One Touch/Sons/Anura_rdlplbb09FR_08IV2022_i52.wav,6.85,1699.71,7.23,3305.24,Pelodytes punctatus
/media/david/One Touch/Sons/Anura_rdlplbb09FR_08IV2022_i53.wav,0.07,1795.51,0.45,3388.73,Pelodytes punctatus
/media/david/One Touch/Sons/Anura_rdlplbb09FR_08IV2022_i53.wav,2.36,1795.51,2.74,3305.44,Pelodytes punctatus
/media/david/One Touch/Sons/Anura_rdlplbb09FR_08IV2022_i53.wav,3.72,257.14,6.98,1385.09,Voix
/media/david/One Touch/Sons/Anura_rdlplbb09FR_08IV2022_i53.wav,3.86,1751.08,4.26,3281.52,Pelodytes punctatus
/media/david/One Touch/Sons/Anura_rdlplbb09FR_08IV2022_i53.wav,6.6,1707.43,7.01,3502.03,Pelodytes punctatus
/media/david/One Touch/Sons/Anura_rdlplbb09FR_08IV2022_i53.wav,8.23,1599.4,8.61,3148.36,Pelodytes punctatus
/media/david/One Touch/Sons/Anura_rdlplbb09FR_08IV2022_i53.wav,8.41,-1.0,8.45,1105.92,Déplacement
/media/david/One Touch/Sons/Anura_rdlplbb09FR_08IV2022_i53.wav,8.97,174.9,9.29,405.11,Voix
/media/david/One Touch/Sons/Anura_rdlplbb09FR_08IV2022_i53.wav,10.56,1795.51,10.93,3050.06,Pelodytes punctatus
/media/david/One Touch/Sons/Anura_rdlplbb09FR_08IV2022_i53.wav,12.04,1871.38,12.4,3281.52,Pelodytes punctatus
/media/david/One Touch/Sons/Anura_rdlplbb09FR_08IV2022_i53.wav,14.37,1825.59,14.76,3353.71,Pelodytes punctatus
/media/david/One Touch/Sons/Anura_rdlplbb09FR_08IV2022_i53.wav,15.65,1795.51,16.06,3305.44,Pelodytes punctatus
/media/david/One Touch/Sons/Anura_rdlplbb09FR_08IV2022_i53.wav,17.95,1871.38,18.26,3329.5,Pelodytes punctatus
/media/david/One Touch/Sons/Anura_rdlplbb09FR_08IV2022_i53.wav,19.46,1721.89,19.92,3476.94,Pelodytes punctatus
/media/david/One Touch/Sons/Anura_rdlplbb09FR_08IV2022_i53.wav,20.94,304.12,22.37,950.75,Voix
/media/david/One Touch/Sons/Anura_rdlplbb09FR_08IV2022_i53.wav,22.65,1707.43,23.03,3402.56,Pelodytes punctatus
/media/david/One Touch/Sons/Anura_rdlplbb09FR_08IV2022_i53.wav,24.05,1721.89,24.44,3378.06,Pelodytes punctatus
/media/david/One Touch/Sons/Anura_rdlplbb09FR_08IV2022_i53.wav,31.35,1678.76,31.68,3402.56,Pelodytes punctatus
/media/david/One Touch/Sons/Anura_rdlplbb09FR_08IV2022_i53.wav,32.69,1650.44,33.09,3329.5,Pelodytes punctatus
/media/david/One Touch/Sons/Anura_rdlplbb09FR_08IV2022_i53.wav,35.98,1765.8,36.29,3305.44,Pelodytes punctatus
/media/david/One Touch/Sons/Anura_rdlplbb09FR_08IV2022_i54.wav,0.0,1813.0,0.13,3317.25,Pelodytes punctatus
/media/david/One Touch/Sons/Anura_rdlplbb09FR_08IV2022_i54.wav,1.16,862.7,1.63,4274.74,Pelodytes punctatus
/media/david/One Touch/Sons/Anura_rdlplbb09FR_08IV2022_i54.wav,3.51,938.73,3.94,4274.74,Pelodytes punctatus
/media/david/One Touch/Sons/Anura_rdlplbb09FR_08IV2022_i54.wav,4.85,1008.28,5.33,4334.18,Pelodytes punctatus
/media/david/One Touch/Sons/Anura_rdlplbb09FR_08IV2022_i54.wav,7.31,909.8,7.73,4304.37,Pelodytes punctatus
/media/david/One Touch/Sons/Anura_rdlplbb09FR_08IV2022_i54.wav,7.75,122.9,9.03,729.52,Non identifié
/media/david/One Touch/Sons/Anura_rdlplbb09FR_08IV2022_i54.wav,9.01,998.17,9.43,4364.16,Pelodytes punctatus
/media/david/One Touch/Sons/Anura_rdlplbb09FR_08IV2022_i54.wav,11.62,790.2,11.97,4455.19,Pelodytes punctatus
/media/david/One Touch/Sons/Anura_rdlplbb09FR_08IV2022_i54.wav,20.94,948.49,21.26,4274.74,Pelodytes punctatus
/media/david/One Touch/Sons/Anura_rdlplbb09FR_08IV2022_i54.wav,22.44,1223.71,22.91,4186.91,Pelodytes punctatus
/media/david/One Touch/Sons/Anura_rdlplbb09FR_08IV2022_i54.wav,25.62,872.01,26.04,4364.16,Pelodytes punctatus
/media/david/One Touch/Sons/Anura_rdlplbb09FR_08IV2022_i54.wav,29.97,900.26,30.34,4334.18,Pelodytes punctatus
/media/david/One Touch/Sons/Anura_rdlplbb09FR_08IV2022_i54.wav,31.42,948.49,31.87,4334.18,Pelodytes punctatus
/media/david/One Touch/Sons/Anura_rdlplbb09FR_08IV2022_i54.wav,40.21,1640.15,40.58,4455.19,Pelodytes punctatus
/media/david/One Touch/Sons/Anura_rdlplbb09FR_08IV2022_i54.wav,56.27,872.01,56.67,4770.59,Pelodytes punctatus
/media/david/One Touch/Sons/Anura_rdlplbb09FR_08IV2022_i54.wav,58.96,890.79,59.4,4835.94,Pelodytes punctatus
/media/david/One Touch/Sons/Anura_rdlplbb09FR_08IV2022_i54.wav,60.44,890.79,60.89,4610.55,Pelodytes punctatus
/media/david/One Touch/Sons/Anura_XXXXporXXES_06V2022_i120.wav,0.0,348.47,0.33,614.47,Voix
/media/david/One Touch/Sons/Anura_XXXXporXXES_06V2022_i120.wav,0.0,371.56,225.78,6728.29,Pelophylax perezi
/media/david/One Touch/Sons/Anura_XXXXporXXES_06V2022_i120.wav,0.62,377.78,1.11,1569.13,Voix
/media/david/One Touch/Sons/Anura_XXXXporXXES_06V2022_i120.wav,1.6,401.82,1.78,775.87,Voix
/media/david/One Touch/Sons/Anura_XXXXporXXES_06V2022_i120.wav,3.12,457.89,3.42,719.98,Voix
/media/david/One Touch/Sons/Anura_XXXXporXXES_06V2022_i120.wav,3.91,69.9,4.49,530.3,Voix
/media/david/One Touch/Sons/Anura_XXXXporXXES_06V2022_i120.wav,5.04,395.76,5.28,557.74,Voix
/media/david/One Touch/Sons/Anura_XXXXporXXES_06V2022_i120.wav,5.74,275.93,6.23,1658.44,Voix
/media/david/One Touch/Sons/Anura_XXXXporXXES_06V2022_i120.wav,8.05,314.34,8.97,938.9,Voix
/media/david/One Touch/Sons/Anura_XXXXporXXES_06V2022_i120.wav,9.56,395.76,10.21,1060.71,Voix
/media/david/One Touch/Sons/Anura_XXXXporXXES_06V2022_i120.wav,10.57,174.02,11.34,751.65,Voix
/media/david/One Touch/Sons/Anura_XXXXporXXES_06V2022_i120.wav,13.29,342.7,14.58,1495.28,Voix
/media/david/One Touch/Sons/Anura_XXXXporXXES_06V2022_i120.wav,15.28,331.26,16.58,947.96,Voix
/media/david/One Touch/Sons/Anura_XXXXporXXES_06V2022_i120.wav,27.38,457.89,28.01,920.92,Voix
/media/david/One Touch/Sons/Anura_XXXXporXXES_06V2022_i120.wav,29.85,319.95,30.12,1519.62,Voix
/media/david/One Touch/Sons/Anura_XXXXporXXES_06V2022_i120.wav,30.42,297.7,30.77,938.9,Voix
/media/david/One Touch/Sons/Anura_XXXXporXXES_06V2022_i120.wav,31.02,297.7,31.29,903.14,Voix
/media/david/One Touch/Sons/Anura_XXXXporXXES_06V2022_i120.wav,31.7,297.7,31.86,833.95,Voix
/media/david/One Touch/Sons/Anura_XXXXporXXES_06V2022_i120.wav,36.59,537.1,37.08,1833.73,Voix
/media/david/One Touch/Sons/Anura_XXXXporXXES_06V2022_i120.wav,38.67,360.1,39.25,537.1,Voix
/media/david/One Touch/Sons/Anura_XXXXporXXES_06V2022_i120.wav,39.93,314.34,40.27,457.89,Voix
/media/david/One Touch/Sons/Anura_XXXXporXXES_06V2022_i120.wav,42.21,451.52,42.53,1471.2,Voix
/media/david/One Touch/Sons/Anura_XXXXporXXES_06V2022_i120.wav,42.72,319.95,43.36,1447.38,Voix
/media/david/One Touch/Sons/Anura_XXXXporXXES_06V2022_i120.wav,43.36,621.74,43.64,929.89,Voix
/media/david/One Touch/Sons/Anura_XXXXporXXES_06V2022_i120.wav,44.16,360.1,44.58,681.36,Voix
/media/david/One Touch/Sons/Anura_XXXXporXXES_06V2022_i120.wav,45.03,557.74,45.22,903.14,Voix
/media/david/One Touch/Sons/Anura_XXXXporXXES_06V2022_i120.wav,49.04,360.1,49.91,2356.26,Voix
/media/david/One Touch/Sons/Anura_XXXXporXXES_06V2022_i120.wav,49.91,395.76,50.83,2565.36,Rire
/media/david/One Touch/Sons/Anura_XXXXporXXES_06V2022_i120.wav,51.23,238.98,52.04,1581.68,Voix
/media/david/One Touch/Sons/Anura_XXXXporXXES_06V2022_i120.wav,52.31,607.24,52.51,759.68,Voix
/media/david/One Touch/Sons/Anura_XXXXporXXES_06V2022_i120.wav,55.85,735.73,56.42,1233.76,Voix
/media/david/One Touch/Sons/Anura_XXXXporXXES_06V2022_i120.wav,56.94,223.57,57.11,1684.59,Rire
/media/david/One Touch/Sons/Anura_XXXXporXXES_06V2022_i120.wav,59.14,319.95,60.09,743.67,Voix
/media/david/One Touch/Sons/Anura_XXXXporXXES_06V2022_i120.wav,61.87,445.18,62.64,825.52,Voix
/media/david/One Touch/Sons/Anura_XXXXporXXES_06V2022_i120.wav,66.13,354.27,66.54,1343.4,Voix
/media/david/One Touch/Sons/Anura_XXXXporXXES_06V2022_i120.wav,66.93,360.1,67.48,947.96,Voix
/media/david/One Touch/Sons/Anura_XXXXporXXES_06V2022_i120.wav,72.31,325.59,73.3,1354.7,Voix
/media/david/One Touch/Sons/Anura_XXXXporXXES_06V2022_i120.wav,73.56,259.92,74.45,1160.54,Voix
/media/david/One Touch/Sons/Anura_XXXXporXXES_06V2022_i120.wav,74.92,407.91,75.33,1483.2,Voix
/media/david/One Touch/Sons/Anura_XXXXporXXES_06V2022_i120.wav,75.87,395.76,76.63,817.13,Voix
/media/david/One Touch/Sons/Anura_XXXXporXXES_06V2022_i120.wav,77.36,600.05,77.54,759.68,Voix
/media/david/One Touch/Sons/Anura_XXXXporXXES_06V2022_i120.wav,78.97,464.29,79.17,775.87,Voix
/media/david/One Touch/Sons/Anura_XXXXporXXES_06V2022_i120.wav,79.6,426.39,80.07,735.73,Voix
/media/david/One Touch/Sons/Anura_XXXXporXXES_06V2022_i120.wav,81.0,198.45,81.38,564.7,Voix
/media/david/One Touch/Sons/Anura_XXXXporXXES_06V2022_i120.wav,82.41,348.47,83.07,1483.2,Voix
/media/david/One Touch/Sons/Anura_XXXXporXXES_06V2022_i120.wav,83.25,303.22,84.33,784.03,Voix
/media/david/One Touch/Sons/Anura_XXXXporXXES_06V2022_i120.wav,84.67,286.76,85.05,984.72,Voix
/media/david/One Touch/Sons/Anura_XXXXporXXES_06V2022_i120.wav,85.34,401.82,85.61,800.49,Voix
/media/david/One Touch/Sons/Anura_XXXXporXXES_06V2022_i120.wav,85.58,523.53,85.91,1671.48,Voix
/media/david/One Touch/Sons/Anura_XXXXporXXES_06V2022_i120.wav,86.24,564.7,86.59,1320.99,Voix
/media/david/One Touch/Sons/Anura_XXXXporXXES_06V2022_i120.wav,88.07,438.89,88.47,636.4,Voix
/media/david/One Touch/Sons/Anura_XXXXporXXES_06V2022_i120.wav,88.9,383.74,89.69,510.11,Voix
/media/david/One Touch/Sons/Anura_XXXXporXXES_06V2022_i120.wav,90.15,457.89,90.44,808.78,Voix
/media/david/One Touch/Sons/Anura_XXXXporXXES_06V2022_i120.wav,91.74,270.57,92.88,2322.74,Voix
/media/david/One Touch/Sons/Anura_XXXXporXXES_06V2022_i120.wav,93.11,331.26,93.39,1022.3,Voix
/media/david/One Touch/Sons/Anura_XXXXporXXES_06V2022_i120.wav,95.11,336.97,95.95,966.24,Voix
/media/david/One Touch/Sons/Anura_XXXXporXXES_06V2022_i120.wav,97.06,564.7,97.38,825.52,Voix
/media/david/One Touch/Sons/Anura_XXXXporXXES_06V2022_i120.wav,97.73,319.95,98.06,817.13,Voix
/media/david/One Touch/Sons/Anura_XXXXporXXES_06V2022_i120.wav,98.44,303.22,98.71,800.49,Voix
/media/david/One Touch/Sons/Anura_XXXXporXXES_06V2022_i120.wav,99.13,414.04,99.38,719.98,Voix
/media/david/One Touch/Sons/Anura_XXXXporXXES_06V2022_i120.wav,99.79,420.2,100.43,751.65,Voix
/media/david/One Touch/Sons/Anura_XXXXporXXES_06V2022_i120.wav,103.18,331.26,103.59,938.9,Voix
/media/david/One Touch/Sons/Anura_XXXXporXXES_06V2022_i120.wav,105.67,319.95,106.0,1519.62,Voix
/media/david/One Touch/Sons/Anura_XXXXporXXES_06V2022_i120.wav,107.04,438.89,107.24,704.4,Voix
/media/david/One Touch/Sons/Anura_XXXXporXXES_06V2022_i120.wav,107.64,395.76,107.97,1658.44,Voix
/media/david/One Touch/Sons/Anura_XXXXporXXES_06V2022_i120.wav,108.43,198.45,108.73,735.73,Voix
/media/david/One Touch/Sons/Anura_XXXXporXXES_06V2022_i120.wav,108.9,407.91,109.18,859.54,Voix
/media/david/One Touch/Sons/Anura_XXXXporXXES_06V2022_i120.wav,109.6,432.62,110.49,876.84,Voix
/media/david/One Touch/Sons/Anura_XXXXporXXES_06V2022_i120.wav,111.02,228.68,111.65,1170.83,Voix
/media/david/One Touch/Sons/Anura_XXXXporXXES_06V2022_i120.wav,111.8,188.95,112.34,920.92,Voix
/media/david/One Touch/Sons/Anura_XXXXporXXES_06V2022_i120.wav,112.7,377.78,113.3,704.4,Voix
/media/david/One Touch/Sons/Anura_XXXXporXXES_06V2022_i120.wav,114.4,401.82,114.66,523.53,Voix
/media/david/One Touch/Sons/Anura_XXXXporXXES_06V2022_i120.wav,115.01,383.74,115.59,920.92,Voix
/media/david/One Touch/Sons/Anura_XXXXporXXES_06V2022_i120.wav,117.31,348.47,117.76,1833.73,Voix
/media/david/One Touch/Sons/Anura_XXXXporXXES_06V2022_i120.wav,118.13,401.82,118.6,1833.73,Voix
/media/david/One Touch/Sons/Anura_XXXXporXXES_06V2022_i120.wav,119.37,325.59,119.73,784.03,Voix
/media/david/One Touch/Sons/Anura_XXXXporXXES_06V2022_i120.wav,120.93,451.52,121.13,704.4,Voix
/media/david/One Touch/Sons/Anura_XXXXporXXES_06V2022_i120.wav,126.27,336.97,128.07,751.65,Voix
/media/david/One Touch/Sons/Anura_XXXXporXXES_06V2022_i120.wav,128.29,354.27,128.96,712.17,Voix
/media/david/One Touch/Sons/Anura_XXXXporXXES_06V2022_i120.wav,129.45,354.27,129.89,681.36,Voix
/media/david/One Touch/Sons/Anura_XXXXporXXES_06V2022_i120.wav,137.69,445.18,138.29,1099.98,Voix
/media/david/One Touch/Sons/Anura_XXXXporXXES_06V2022_i120.wav,138.7,407.91,139.03,957.08,Voix
/media/david/One Touch/Sons/Anura_XXXXporXXES_06V2022_i120.wav,140.44,228.68,140.84,1697.78,Voix
/media/david/One Touch/Sons/Anura_XXXXporXXES_06V2022_i120.wav,140.88,188.6,141.19,1377.49,Voix
/media/david/One Touch/Sons/Anura_XXXXporXXES_06V2022_i120.wav,141.37,400.52,141.74,607.24,Cris
/media/david/One Touch/Sons/Anura_XXXXporXXES_06V2022_i120.wav,142.43,712.17,142.58,1170.83,Voix
/media/david/One Touch/Sons/Anura_XXXXporXXES_06V2022_i120.wav,142.84,331.26,143.29,712.17,Voix
/media/david/One Touch/Sons/Anura_XXXXporXXES_06V2022_i120.wav,143.48,477.2,143.76,658.69,Voix
/media/david/One Touch/Sons/Anura_XXXXporXXES_06V2022_i120.wav,144.15,470.73,144.77,912.01,Voix
/media/david/One Touch/Sons/Anura_XXXXporXXES_06V2022_i120.wav,147.48,342.7,148.3,1388.98,Voix
/media/david/One Touch/Sons/Anura_XXXXporXXES_06V2022_i120.wav,151.43,348.47,153.24,2052.23,Voix
/media/david/One Touch/Sons/Anura_XXXXporXXES_06V2022_i120.wav,153.43,331.26,153.79,912.01,Voix
/media/david/One Touch/Sons/Anura_XXXXporXXES_06V2022_i120.wav,154.74,325.59,155.13,842.44,Voix
/media/david/One Touch/Sons/Anura_XXXXporXXES_06V2022_i120.wav,157.75,308.76,158.44,920.92,Voix
/media/david/One Touch/Sons/Anura_XXXXporXXES_06V2022_i120.wav,158.65,286.76,159.08,885.56,Voix
/media/david/One Touch/Sons/Anura_XXXXporXXES_06V2022_i120.wav,159.27,420.2,159.7,1778.45,Voix
/media/david/One Touch/Sons/Anura_XXXXporXXES_06V2022_i120.wav,160.02,371.85,160.33,800.49,Voix
/media/david/One Touch/Sons/Anura_XXXXporXXES_06V2022_i120.wav,160.61,275.93,161.07,800.49,Voix
/media/david/One Touch/Sons/Anura_XXXXporXXES_06V2022_i120.wav,161.35,281.33,161.71,2176.38,Voix
/media/david/One Touch/Sons/Anura_XXXXporXXES_06V2022_i120.wav,162.16,169.21,162.42,1697.78,Voix
/media/david/One Touch/Sons/Anura_XXXXporXXES_06V2022_i120.wav,163.41,360.1,163.9,920.92,Voix
/media/david/One Touch/Sons/Anura_XXXXporXXES_06V2022_i120.wav,164.21,407.91,164.62,800.49,Voix
/media/david/One Touch/Sons/Anura_XXXXporXXES_06V2022_i120.wav,168.21,395.76,168.69,966.24,Voix
/media/david/One Touch/Sons/Anura_XXXXporXXES_06V2022_i120.wav,170.14,438.89,170.61,735.73,Voix
/media/david/One Touch/Sons/Anura_XXXXporXXES_06V2022_i120.wav,171.09,371.85,171.45,1697.78,Voix
/media/david/One Touch/Sons/Anura_XXXXporXXES_06V2022_i120.wav,172.43,537.1,172.91,833.95,Voix
/media/david/One Touch/Sons/Anura_XXXXporXXES_06V2022_i120.wav,173.37,483.71,173.72,1366.06,Voix
/media/david/One Touch/Sons/Anura_XXXXporXXES_06V2022_i120.wav,174.73,325.59,175.19,451.52,Voix
/media/david/One Touch/Sons/Anura_XXXXporXXES_06V2022_i120.wav,175.76,159.67,176.28,1287.83,Voix
/media/david/One Touch/Sons/Anura_XXXXporXXES_06V2022_i120.wav,177.33,259.92,177.73,800.49,Voix
/media/david/One Touch/Sons/Anura_XXXXporXXES_06V2022_i120.wav,178.63,233.81,179.69,876.84,Voix
/media/david/One Touch/Sons/Anura_XXXXporXXES_06V2022_i120.wav,180.67,314.34,180.97,735.73,Voix
/media/david/One Touch/Sons/Anura_XXXXporXXES_06V2022_i120.wav,181.15,354.27,181.65,658.69,Voix
/media/david/One Touch/Sons/Anura_XXXXporXXES_06V2022_i120.wav,181.65,470.73,181.8,1778.45,Voix
/media/david/One Touch/Sons/Anura_XXXXporXXES_06V2022_i120.wav,183.61,249.39,184.22,666.21,Voix
/media/david/One Touch/Sons/Anura_XXXXporXXES_06V2022_i120.wav,187.53,696.68,187.65,1366.06,Voix
/media/david/One Touch/Sons/Anura_XXXXporXXES_06V2022_i120.wav,193.74,451.52,194.15,759.68,Voix
/media/david/One Touch/Sons/Anura_XXXXporXXES_06V2022_i120.wav,194.34,477.2,194.83,759.68,Voix
/media/david/One Touch/Sons/Anura_XXXXporXXES_06V2022_i120.wav,195.83,354.27,196.26,673.76,Voix
/media/david/One Touch/Sons/Anura_XXXXporXXES_06V2022_i120.wav,196.5,389.73,196.89,735.73,Voix
/media/david/One Touch/Sons/Anura_XXXXporXXES_06V2022_i120.wav,197.37,238.98,198.32,792.23,Voix
/media/david/One Touch/Sons/Anura_XXXXporXXES_06V2022_i120.wav,201.45,348.47,202.78,938.9,Voix
/media/david/One Touch/Sons/Anura_XXXXporXXES_06V2022_i120.wav,203.1,233.81,203.65,727.83,Voix
/media/david/One Touch/Sons/Anura_XXXXporXXES_06V2022_i120.wav,203.88,354.27,204.14,614.47,Voix
/media/david/One Touch/Sons/Anura_XXXXporXXES_06V2022_i120.wav,213.01,325.59,213.35,792.23,Voix
/media/david/One Touch/Sons/Anura_XXXXporXXES_06V2022_i120.wav,214.42,342.7,215.03,792.23,Voix
/media/david/One Touch/Sons/Anura_XXXXporXXES_06V2022_i120.wav,215.31,432.62,215.58,1119.94,Voix
/media/david/One Touch/Sons/Anura_XXXXporXXES_06V2022_i120.wav,215.82,360.1,216.19,681.36,Voix
/media/david/One Touch/Sons/Anura_XXXXporXXES_06V2022_i120.wav,218.46,325.59,219.67,743.67,Voix
/media/david/One Touch/Sons/Anura_XXXXporXXES_06V2022_i120.wav,223.92,395.76,224.32,784.03,Voix
/media/david/One Touch/Sons/Anura_XXXXporXXES_06V2022_i121.wav,0.0,-1.0,0.31,282.91,Micro
/media/david/One Touch/Sons/Anura_XXXXporXXES_06V2022_i121.wav,0.64,327.46,0.84,575.31,Voix
/media/david/One Touch/Sons/Anura_XXXXporXXES_06V2022_i121.wav,0.8,330.08,24.02,6173.59,Pelophylax perezi
/media/david/One Touch/Sons/Anura_XXXXporXXES_06V2022_i121.wav,0.93,-1.0,1.01,304.94,Micro
/media/david/One Touch/Sons/Anura_XXXXporXXES_06V2022_i121.wav,1.08,277.48,1.4,540.46,Voix
/media/david/One Touch/Sons/Anura_XXXXporXXES_06V2022_i121.wav,1.67,350.49,1.85,1569.29,Voix
/media/david/One Touch/Sons/Anura_XXXXporXXES_06V2022_i121.wav,2.38,-1.0,2.69,380.0,Micro
/media/david/One Touch/Sons/Anura_XXXXporXXES_06V2022_i121.wav,3.93,230.93,4.3,900.6,Voix
/media/david/One Touch/Sons/Anura_XXXXporXXES_06V2022_i121.wav,4.65,338.91,5.1,1365.28,Voix
/media/david/One Touch/Sons/Anura_XXXXporXXES_06V2022_i121.wav,5.93,380.0,6.46,1672.15,Voix
/media/david/One Touch/Sons/Anura_XXXXporXXES_06V2022_i121.wav,6.67,356.32,7.03,789.35,Voix
/media/david/One Touch/Sons/Anura_XXXXporXXES_06V2022_i121.wav,7.39,386.0,7.72,1190.06,Voix
/media/david/One Touch/Sons/Anura_XXXXporXXES_06V2022_i121.wav,7.97,640.53,8.16,1544.28,Voix
/media/david/One Touch/Sons/Anura_XXXXporXXES_06V2022_i121.wav,9.26,333.17,9.52,764.8,Voix
/media/david/One Touch/Sons/Anura_XXXXporXXES_06V2022_i121.wav,9.99,321.78,10.54,797.63,Voix
/media/david/One Touch/Sons/Anura_XXXXporXXES_06V2022_i121.wav,11.77,467.11,12.22,1308.85,Voix
/media/david/One Touch/Sons/Anura_XXXXporXXES_06V2022_i121.wav,12.52,398.1,13.09,882.96,Voix
/media/david/One Touch/Sons/Anura_XXXXporXXES_06V2022_i121.wav,14.53,-1.0,14.81,362.19,Micro
/media/david/One Touch/Sons/Anura_XXXXporXXES_06V2022_i121.wav,15.49,-1.0,15.58,582.4,Micro
/media/david/One Touch/Sons/Anura_XXXXporXXES_06V2022_i121.wav,16.01,-1.0,16.2,333.17,Micro
/media/david/One Touch/Sons/Anura_XXXXporXXES_06V2022_i121.wav,20.37,-1.0,20.45,460.66,Micro
/media/david/One Touch/Sons/Anura_XXXXporXXES_06V2022_i121.wav,24.58,306.74,31.55,11000.51,Pelophylax perezi
/media/david/One Touch/Sons/Anura_XXXXporXXES_06V2022_i121.wav,32.01,344.68,33.56,5590.43,Pelophylax perezi
/media/david/One Touch/Sons/Anura_XXXXporXXES_06V2022_i121.wav,32.15,304.22,33.52,973.15,Voix
/media/david/One Touch/Sons/Anura_XXXXporXXES_06V2022_i121.wav,33.98,293.86,34.2,5839.21,Pelophylax perezi
/media/david/One Touch/Sons/Anura_XXXXporXXES_06V2022_i121.wav,34.2,1029.71,36.86,4868.5,Pelophylax perezi
/media/david/One Touch/Sons/Anura_XXXXporXXES_06V2022_i121.wav,34.37,309.35,37.48,882.96,Voix
/media/david/One Touch/Sons/Anura_XXXXporXXES_06V2022_i121.wav,37.92,310.52,40.95,5731.41,Pelophylax perezi
/media/david/One Touch/Sons/Anura_XXXXporXXES_06V2022_i121.wav,38.43,333.17,39.44,1979.69,Voix
/media/david/One Touch/Sons/Anura_XXXXporXXES_06V2022_i121.wav,39.69,-1.0,40.47,327.46,Micro
/media/david/One Touch/Sons/Anura_XXXXporXXES_06V2022_i121.wav,39.8,416.99,40.27,1698.58,Voix
/media/david/One Touch/Sons/Anura_XXXXporXXES_06V2022_i122.wav,0.11,419.84,1.95,15221.35,Pelophylax perezi
/media/david/One Touch/Sons/Anura_XXXXporXXES_06V2022_i122.wav,0.6,594.57,0.77,1020.46,Voix
/media/david/One Touch/Sons/Anura_XXXXporXXES_06V2022_i122.wav,2.04,400.32,9.38,6045.4,Pelophylax perezi
/media/david/One Touch/Sons/Anura_XXXXporXXES_06V2022_i122.wav,2.54,-1.0,2.61,329.98,Micro
/media/david/One Touch/Sons/Anura_XXXXporXXES_06V2022_i122.wav,3.51,290.55,3.68,747.32,Voix
/media/david/One Touch/Sons/Anura_XXXXporXXES_06V2022_i122.wav,4.4,314.61,4.89,1402.96,Voix
/media/david/One Touch/Sons/Anura_XXXXporXXES_06V2022_i122.wav,5.4,370.98,6.05,3617.74,Voix
/media/david/One Touch/Sons/Anura_XXXXporXXES_06V2022_i122.wav,6.43,312.89,6.82,982.5,Voix
/media/david/One Touch/Sons/Anura_XXXXporXXES_06V2022_i122.wav,7.41,231.61,7.99,646.11,Voix
/media/david/One Touch/Sons/Anura_XXXXporXXES_06V2022_i122.wav,9.86,413.62,24.57,6045.4,Pelophylax perezi
/media/david/One Touch/Sons/Anura_XXXXporXXES_06V2022_i122.wav,10.67,236.82,11.07,804.94,Voix
/media/david/One Touch/Sons/Anura_XXXXporXXES_06V2022_i122.wav,12.5,691.91,12.72,936.24,Voix
/media/david/One Touch/Sons/Anura_XXXXporXXES_06V2022_i122.wav,14.91,171.31,15.09,432.4,Voix
/media/david/One Touch/Sons/Anura_XXXXporXXES_06V2022_i122.wav,16.33,470.93,16.44,580.21,Voix
/media/david/One Touch/Sons/Anura_XXXXporXXES_06V2022_i122.wav,19.0,370.98,19.26,684.17,Voix
/media/david/One Touch/Sons/Anura_XXXXporXXES_06V2022_i122.wav,20.46,451.51,20.66,2678.26,Voix
/media/david/One Touch/Sons/Anura_XXXXporXXES_06V2022_i122.wav,20.97,348.81,21.34,2338.62,Voix
/media/david/One Touch/Sons/Anura_XXXXporXXES_06V2022_i122.wav,21.26,-1.0,21.56,231.61,Micro
/media/david/One Touch/Sons/Anura_XXXXporXXES_06V2022_i122.wav,22.15,-1.0,22.51,242.06,Micro
/media/david/One Touch/Sons/Anura_XXXXporXXES_06V2022_i122.wav,22.15,413.62,22.46,1827.87,Voix
/media/david/One Touch/Sons/Anura_XXXXporXXES_06V2022_i122.wav,22.71,601.81,23.03,1059.26,Voix
/media/david/One Touch/Sons/Anura_XXXXporXXES_06V2022_i122.wav,23.25,318.56,23.56,723.31,Voix
/media/david/One Touch/Sons/Anura_XXXXporXXES_06V2022_i122.wav,23.97,-1.0,24.5,638.62,Micro
/media/david/One Touch/Sons/Anura_XXXXporXXES_06V2022_i122.wav,24.09,301.66,24.39,830.32,Voix
/media/david/One Touch/Sons/Anura_XXXXporXXES_06V2022_i122.wav,24.57,296.09,25.16,864.84,Voix
/media/david/One Touch/Sons/Anura_XXXXporXXES_06V2022_i122.wav,25.28,438.74,36.06,6716.18,Pelophylax perezi
/media/david/One Touch/Sons/Anura_XXXXporXXES_06V2022_i122.wav,26.32,341.53,26.55,1202.12,Voix
/media/david/One Touch/Sons/Anura_XXXXporXXES_06V2022_i122.wav,26.7,-1.0,27.02,242.06,Micro
/media/david/One Touch/Sons/Anura_XXXXporXXES_06V2022_i122.wav,27.02,413.62,27.48,755.41,Voix
/media/david/One Touch/Sons/Anura_XXXXporXXES_06V2022_i122.wav,27.76,389.05,28.1,1322.45,Voix
/media/david/One Touch/Sons/Anura_XXXXporXXES_06V2022_i122.wav,28.59,325.22,28.8,788.24,Voix
/media/david/One Touch/Sons/Anura_XXXXporXXES_06V2022_i122.wav,29.17,389.05,29.54,900.14,Voix
/media/david/One Touch/Sons/Anura_XXXXporXXES_06V2022_i122.wav,29.97,653.64,30.14,1573.73,Voix
/media/david/One Touch/Sons/Anura_XXXXporXXES_06V2022_i122.wav,30.14,353.21,30.38,484.07,Voix
/media/david/One Touch/Sons/Anura_XXXXporXXES_06V2022_i122.wav,31.0,263.31,31.49,470.93,Voix
/media/david/One Touch/Sons/Anura_XXXXporXXES_06V2022_i122.wav,32.57,370.98,33.13,510.78,Voix
/media/david/One Touch/Sons/Anura_XXXXporXXES_06V2022_i122.wav,34.15,166.46,34.4,945.39,Voix
/media/david/One Touch/Sons/Anura_XXXXporXXES_06V2022_i122.wav,36.32,314.11,37.18,1523.57,Voix
/media/david/One Touch/Sons/Anura_XXXXporXXES_06V2022_i122.wav,36.77,-1.0,37.18,205.99,Micro
/media/david/One Touch/Sons/Anura_XXXXporXXES_06V2022_i122.wav,37.41,-1.0,37.65,307.26,Micro
/media/david/One Touch/Sons/Anura_XXXXporXXES_06V2022_i122.wav,38.27,-1.0,38.36,341.53,Micro
/media/david/One Touch/Sons/Anura_XXXXporXXES_06V2022_i122.wav,40.98,190.96,41.81,1573.73,Voix
/media/david/One Touch/Sons/Anura_XXXXporXXES_06V2022_i122.wav,41.81,365.03,63.28,6656.24,Pelophylax perezi
/media/david/One Touch/Sons/Anura_XXXXporXXES_06V2022_i122.wav,41.98,359.1,43.09,1744.68,Voix
/media/david/One Touch/Sons/Anura_XXXXporXXES_06V2022_i122.wav,43.29,274.11,43.8,1599.23,Voix
/media/david/One Touch/Sons/Anura_XXXXporXXES_06V2022_i122.wav,44.35,370.98,44.67,731.27,Voix
/media/david/One Touch/Sons/Anura_XXXXporXXES_06V2022_i122.wav,45.51,609.09,45.66,1426.55,Voix
/media/david/One Touch/Sons/Anura_XXXXporXXES_06V2022_i122.wav,46.44,594.57,46.56,1625.02,Voix
/media/david/One Touch/Sons/Anura_XXXXporXXES_06V2022_i122.wav,46.81,312.89,47.34,1772.1,Voix
/media/david/One Touch/Sons/Anura_XXXXporXXES_06V2022_i122.wav,48.13,301.66,48.65,587.37,Voix
/media/david/One Touch/Sons/Anura_XXXXporXXES_06V2022_i122.wav,48.81,-1.0,48.86,226.43,Micro
/media/david/One Touch/Sons/Anura_XXXXporXXES_06V2022_i122.wav,48.86,242.06,49.24,2912.06,Voix
/media/david/One Touch/Sons/Anura_XXXXporXXES_06V2022_i122.wav,50.16,1059.26,50.32,1462.43,Voix
/media/david/One Touch/Sons/Anura_XXXXporXXES_06V2022_i122.wav,50.88,328.57,51.16,573.1,Voix
/media/david/One Touch/Sons/Anura_XXXXporXXES_06V2022_i122.wav,51.91,359.1,52.23,900.14,Voix
/media/david/One Touch/Sons/Anura_XXXXporXXES_06V2022_i122.wav,52.58,335.74,53.2,856.14,Voix
/media/david/One Touch/Sons/Anura_XXXXporXXES_06V2022_i122.wav,53.5,329.98,53.72,684.17,Voix
/media/david/One Touch/Sons/Anura_XXXXporXXES_06V2022_i122.wav,54.67,477.48,54.96,1913.88,Voix
/media/david/One Touch/Sons/Anura_XXXXporXXES_06V2022_i122.wav,55.0,413.62,55.59,1170.56,Voix
/media/david/One Touch/Sons/Anura_XXXXporXXES_06V2022_i122.wav,55.92,376.97,56.2,631.18,Voix
/media/david/One Touch/Sons/Anura_XXXXporXXES_06V2022_i122.wav,56.59,268.7,56.9,2659.47,Voix
/media/david/One Touch/Sons/Anura_XXXXporXXES_06V2022_i122.wav,58.34,-1.0,58.96,216.16,Micro
/media/david/One Touch/Sons/Anura_XXXXporXXES_06V2022_i122.wav,60.8,631.18,61.02,1474.52,Voix
/media/david/One Touch/Sons/Anura_XXXXporXXES_06V2022_i122.wav,61.13,347.36,61.36,1785.93,Voix
/media/david/One Touch/Sons/Anura_XXXXporXXES_06V2022_i122.wav,63.32,464.42,66.04,11482.29,Pelophylax perezi
/media/david/One Touch/Sons/Anura_XXXXporXXES_06V2022_i122.wav,66.17,395.14,74.05,6633.92,Pelophylax perezi
/media/david/One Touch/Sons/Anura_XXXXporXXES_06V2022_i122.wav,67.02,353.21,67.36,796.57,Voix
/media/david/One Touch/Sons/Anura_XXXXporXXES_06V2022_i122.wav,67.54,268.7,67.94,2622.21,Voix
/media/david/One Touch/Sons/Anura_XXXXporXXES_06V2022_i122.wav,68.16,312.89,68.61,1170.56,Voix
/media/david/One Touch/Sons/Anura_XXXXporXXES_06V2022_i122.wav,68.85,382.99,69.26,838.88,Voix
/media/david/One Touch/Sons/Anura_XXXXporXXES_06V2022_i122.wav,70.25,324.25,70.68,747.32,Voix
/media/david/One Touch/Sons/Anura_XXXXporXXES_06V2022_i122.wav,72.82,339.38,73.7,653.64,Voix
/media/david/One Touch/Sons/Anura_XXXXporXXES_06V2022_i122.wav,74.34,439.75,79.46,8214.62,Pelophylax perezi
/media/david/One Touch/Sons/Anura_XXXXporXXES_06V2022_i122.wav,76.6,285.04,76.93,2338.62,Voix
/media/david/One Touch/Sons/Anura_XXXXporXXES_06V2022_i122.wav,77.46,301.66,77.75,573.1,Voix
/media/david/One Touch/Sons/Anura_XXXXporXXES_06V2022_i122.wav,78.42,389.05,78.76,1414.72,Voix
/media/david/One Touch/Sons/Anura_XXXXporXXES_06V2022_i122.wav,79.6,436.89,83.73,7499.25,Pelophylax perezi
/media/david/One Touch/Sons/Anura_XXXXporXXES_06V2022_i122.wav,81.51,457.95,82.27,580.21,Voix
/media/david/One Touch/Sons/Anura_XXXXporXXES_06V2022_i122.wav,83.03,128.66,83.46,438.74,Voix
/media/david/One Touch/Sons/Anura_XXXXporXXES_06V2022_i122.wav,84.1,413.62,129.32,6968.52,Pelophylax perezi
/media/david/One Touch/Sons/Anura_XXXXporXXES_06V2022_i122.wav,84.45,324.25,84.96,432.4,Voix
/media/david/One Touch/Sons/Anura_XXXXporXXES_06V2022_i122.wav,85.94,301.66,86.84,796.57,Voix
/media/david/One Touch/Sons/Anura_XXXXporXXES_06V2022_i122.wav,89.9,401.26,90.14,847.49,Voix
/media/david/One Touch/Sons/Anura_XXXXporXXES_06V2022_i122.wav,91.19,341.53,91.56,1322.45,Voix
/media/david/One Touch/Sons/Anura_XXXXporXXES_06V2022_i122.wav,91.68,763.55,92.05,1181.02,Voix
/media/david/One Touch/Sons/Anura_XXXXporXXES_06V2022_i122.wav,94.47,329.98,94.82,1651.09,Voix
/media/david/One Touch/Sons/Anura_XXXXporXXES_06V2022_i122.wav,95.01,335.74,95.32,1799.83,Voix
/media/david/One Touch/Sons/Anura_XXXXporXXES_06V2022_i122.wav,95.6,609.09,96.13,1548.51,Cris
/media/david/One Touch/Sons/Anura_XXXXporXXES_06V2022_i122.wav,97.57,335.74,98.19,1827.87,Voix
/media/david/One Touch/Sons/Anura_XXXXporXXES_06V2022_i122.wav,98.42,263.31,99.28,945.39,Voix
/media/david/One Touch/Sons/Anura_XXXXporXXES_06V2022_i122.wav,102.03,195.95,102.26,1109.01,Voix
/media/david/One Touch/Sons/Anura_XXXXporXXES_06V2022_i122.wav,106.51,312.89,107.31,558.98,Voix
/media/david/One Touch/Sons/Anura_XXXXporXXES_06V2022_i122.wav,107.63,389.05,107.95,927.14,Voix
/media/david/One Touch/Sons/Anura_XXXXporXXES_06V2022_i122.wav,108.26,296.09,108.98,551.97,Voix
/media/david/One Touch/Sons/Anura_XXXXporXXES_06V2022_i122.wav,111.29,301.66,111.52,821.81,Voix
/media/david/One Touch/Sons/Anura_XXXXporXXES_06V2022_i122.wav,111.57,-1.0,111.73,347.36,Micro
/media/david/One Touch/Sons/Anura_XXXXporXXES_06V2022_i122.wav,111.73,347.36,111.92,747.32,Voix
/media/david/One Touch/Sons/Anura_XXXXporXXES_06V2022_i122.wav,112.36,312.89,112.77,982.5,Voix
/media/david/One Touch/Sons/Anura_XXXXporXXES_06V2022_i122.wav,114.64,353.21,114.89,490.69,Voix
/media/david/One Touch/Sons/Anura_XXXXporXXES_06V2022_i122.wav,119.33,335.74,119.62,445.1,Voix
/media/david/One Touch/Sons/Anura_XXXXporXXES_06V2022_i122.wav,121.17,551.97,121.41,1561.08,Voix
/media/david/One Touch/Sons/Anura_XXXXporXXES_06V2022_i122.wav,121.65,359.1,121.97,2495.02,Voix
/media/david/One Touch/Sons/Anura_XXXXporXXES_06V2022_i122.wav,122.27,438.74,122.72,4577.7,Voix
/media/david/One Touch/Sons/Anura_XXXXporXXES_06V2022_i122.wav,123.51,186.01,123.82,1625.02,Voix
/media/david/One Touch/Sons/Anura_XXXXporXXES_06V2022_i122.wav,126.49,864.84,126.68,1181.02,Voix
/media/david/One Touch/Sons/Anura_XXXXporXXES_06V2022_i122.wav,128.17,329.98,128.53,731.27,Voix
/media/david/One Touch/Sons/Anura_XXXXporXXES_06V2022_i122.wav,129.82,413.62,134.19,6757.65,Pelophylax perezi
/media/david/One Touch/Sons/Anura_XXXXporXXES_06V2022_i122.wav,133.0,312.89,133.51,1160.16,Voix
/media/david/One Touch/Sons/Anura_XXXXporXXES_06V2022_i122.wav,134.16,301.66,134.57,1717.57,Voix
/media/david/One Touch/Sons/Anura_XXXXporXXES_06V2022_i122.wav,134.57,484.07,140.39,13461.85,Pelophylax perezi
/media/david/One Touch/Sons/Anura_XXXXporXXES_06V2022_i122.wav,135.98,329.98,136.34,601.81,Voix
/media/david/One Touch/Sons/Anura_XXXXporXXES_06V2022_i122.wav,137.12,274.11,137.86,524.36,Voix
/media/david/One Touch/Sons/Anura_XXXXporXXES_06V2022_i122.wav,138.98,324.25,139.63,470.93,Voix
/media/david/One Touch/Sons/Anura_XXXXporXXES_06V2022_i122.wav,140.21,279.56,140.81,838.88,Voix
/media/david/One Touch/Sons/Anura_XXXXporXXES_06V2022_i122.wav,140.81,405.39,183.75,6121.06,Pelophylax perezi
/media/david/One Touch/Sons/Anura_XXXXporXXES_06V2022_i122.wav,141.64,324.25,142.37,1573.73,Voix
/media/david/One Touch/Sons/Anura_XXXXporXXES_06V2022_i122.wav,142.59,335.74,143.14,927.14,Voix
/media/david/One Touch/Sons/Anura_XXXXporXXES_06V2022_i122.wav,143.43,426.11,143.79,747.32,Voix
/media/david/One Touch/Sons/Anura_XXXXporXXES_06V2022_i122.wav,144.3,137.95,145.03,504.04,Voix
/media/david/One Touch/Sons/Anura_XXXXporXXES_06V2022_i122.wav,146.13,365.03,146.39,804.94,Voix
/media/david/One Touch/Sons/Anura_XXXXporXXES_06V2022_i122.wav,146.65,296.09,147.68,882.39,Voix
/media/david/One Touch/Sons/Anura_XXXXporXXES_06V2022_i122.wav,149.15,247.33,149.58,755.41,Voix
/media/david/One Touch/Sons/Anura_XXXXporXXES_06V2022_i122.wav,150.0,268.7,150.31,882.39,Voix
/media/david/One Touch/Sons/Anura_XXXXporXXES_06V2022_i122.wav,152.2,341.53,153.33,779.97,Voix
/media/david/One Touch/Sons/Anura_XXXXporXXES_06V2022_i122.wav,154.59,-1.0,155.15,395.14,Micro
/media/david/One Touch/Sons/Anura_XXXXporXXES_06V2022_i122.wav,155.01,395.14,155.33,973.15,Voix
/media/david/One Touch/Sons/Anura_XXXXporXXES_06V2022_i122.wav,155.64,324.25,155.9,830.32,Voix
/media/david/One Touch/Sons/Anura_XXXXporXXES_06V2022_i122.wav,157.67,370.98,157.97,1181.02,Voix
/media/david/One Touch/Sons/Anura_XXXXporXXES_06V2022_i122.wav,158.15,329.98,158.64,1651.09,Voix
/media/david/One Touch/Sons/Anura_XXXXporXXES_06V2022_i122.wav,158.8,268.7,159.28,558.98,Voix
/media/david/One Touch/Sons/Anura_XXXXporXXES_06V2022_i122.wav,160.74,301.66,161.28,1474.52,Voix
/media/david/One Touch/Sons/Anura_XXXXporXXES_06V2022_i122.wav,161.28,147.35,162.02,438.74,Voix
/media/david/One Touch/Sons/Anura_XXXXporXXES_06V2022_i122.wav,162.06,699.69,162.36,1300.02,Voix
/media/david/One Touch/Sons/Anura_XXXXporXXES_06V2022_i122.wav,163.61,333.81,164.23,936.24,Voix
/media/david/One Touch/Sons/Anura_XXXXporXXES_06V2022_i122.wav,164.87,-1.0,165.04,301.66,Micro
/media/david/One Touch/Sons/Anura_XXXXporXXES_06V2022_i122.wav,165.31,318.56,166.5,882.39,Voix
/media/david/One Touch/Sons/Anura_XXXXporXXES_06V2022_i122.wav,166.67,341.53,167.01,1001.37,Voix
/media/david/One Touch/Sons/Anura_XXXXporXXES_06V2022_i122.wav,167.3,290.55,167.53,973.15,Voix
/media/david/One Touch/Sons/Anura_XXXXporXXES_06V2022_i122.wav,167.66,257.95,167.99,847.49,Voix
/media/david/One Touch/Sons/Anura_XXXXporXXES_06V2022_i122.wav,171.27,335.74,171.6,900.14,Voix
/media/david/One Touch/Sons/Anura_XXXXporXXES_06V2022_i122.wav,172.59,407.42,172.83,991.91,Voix
/media/david/One Touch/Sons/Anura_XXXXporXXES_06V2022_i122.wav,177.77,301.66,178.08,945.39,Voix
/media/david/One Touch/Sons/Anura_XXXXporXXES_06V2022_i122.wav,178.6,365.03,178.88,945.39,Voix
/media/david/One Touch/Sons/Anura_XXXXporXXES_06V2022_i122.wav,179.02,257.95,179.39,1548.51,Voix
/media/david/One Touch/Sons/Anura_XXXXporXXES_06V2022_i122.wav,180.07,296.09,180.36,510.78,Voix
/media/david/One Touch/Sons/Anura_XXXXporXXES_06V2022_i122.wav,181.74,318.56,183.4,1010.89,Voix
/media/david/One Touch/Sons/Anura_XXXXporXXES_06V2022_i122.wav,183.92,318.56,184.44,821.81,Voix
/media/david/One Touch/Sons/Anura_XXXXporXXES_30IV2022_i115.wav,0.36,506.33,13.0,7480.58,Pelophylax kl.
/media/david/One Touch/Sons/Anura_XXXXporXXES_30IV2022_i115.wav,3.61,-1.0,3.69,248.94,Micro
/media/david/One Touch/Sons/Anura_XXXXporXXES_30IV2022_i115.wav,4.67,-1.0,4.74,369.92,Micro
/media/david/One Touch/Sons/Anura_XXXXporXXES_30IV2022_i115.wav,5.49,-1.0,5.55,413.59,Micro
/media/david/One Touch/Sons/Anura_XXXXporXXES_30IV2022_i115.wav,10.41,-1.0,10.57,419.97,Micro
/media/david/One Touch/Sons/Anura_XXXXporXXES_30IV2022_i115.wav,13.42,439.33,26.81,7250.17,Pelophylax kl.
/media/david/One Touch/Sons/Anura_XXXXporXXES_30IV2022_i115.wav,22.59,-1.0,22.72,259.85,Micro
/media/david/One Touch/Sons/Anura_XXXXporXXES_30IV2022_i115.wav,26.91,555.56,46.29,8376.17,Pelophylax kl.
/media/david/One Touch/Sons/Anura_XXXXporXXES_30IV2022_i115.wav,39.31,325.17,39.87,485.82,Canis familiaris
/media/david/One Touch/Sons/Anura_XXXXporXXES_30IV2022_i115.wav,44.63,310.5,45.13,541.29,Canis familiaris
/media/david/One Touch/Sons/Anura_XXXXporXXES_30IV2022_i115.wav,46.81,1141.2,46.97,1340.65,Cris
/media/david/One Touch/Sons/Anura_XXXXporXXES_30IV2022_i115.wav,47.3,388.42,47.83,534.22,Canis familiaris
/media/david/One Touch/Sons/Anura_XXXXporXXES_30IV2022_i115.wav,48.31,452.43,51.36,7026.25,Pelophylax kl.
/media/david/One Touch/Sons/Anura_XXXXporXXES_30IV2022_i115.wav,49.13,-1.0,49.34,660.12,Non identifié
/media/david/One Touch/Sons/Anura_XXXXporXXES_30IV2022_i115.wav,50.81,310.5,51.07,896.1,Canis familiaris
/media/david/One Touch/Sons/Anura_XXXXporXXES_30IV2022_i115.wav,51.11,316.29,51.73,452.43,Canis familiaris
/media/david/One Touch/Sons/Anura_XXXXporXXES_30IV2022_i115.wav,52.44,551.78,61.11,7387.62,Pelophylax kl.
/media/david/One Touch/Sons/Anura_XXXXporXXES_30IV2022_i115.wav,53.72,-1.0,53.93,3082.47,Non identifié
/media/david/One Touch/Sons/Anura_XXXXporXXES_30IV2022_i115.wav,56.56,-1.0,57.85,175.99,Micro
/media/david/One Touch/Sons/Anura_XXXXporXXES_30IV2022_i115.wav,56.72,316.29,57.62,513.24,Canis familiaris
/media/david/One Touch/Sons/Anura_XXXXporXXES_30IV2022_i115.wav,58.59,715.63,58.74,842.31,Canis familiaris
/media/david/One Touch/Sons/Anura_XXXXporXXES_30IV2022_i115.wav,58.99,276.45,60.22,479.07,Voix
/media/david/One Touch/Sons/Anura_XXXXporXXES_30IV2022_i115.wav,61.67,465.76,101.89,7961.63,Pelophylax kl.
/media/david/One Touch/Sons/Anura_XXXXporXXES_30IV2022_i115.wav,62.45,304.74,62.57,1448.33,Canis familiaris
/media/david/One Touch/Sons/Anura_XXXXporXXES_30IV2022_i115.wav,66.34,376.05,66.52,520.19,Canis familiaris
/media/david/One Touch/Sons/Anura_XXXXporXXES_30IV2022_i115.wav,70.15,369.92,70.48,905.25,Canis familiaris
/media/david/One Touch/Sons/Anura_XXXXporXXES_30IV2022_i115.wav,70.43,-1.0,70.64,201.38,Micro
/media/david/One Touch/Sons/Anura_XXXXporXXES_30IV2022_i115.wav,90.48,-1.0,90.8,156.19,Micro
/media/david/One Touch/Sons/Anura_XXXXporXXES_30IV2022_i115.wav,102.19,851.15,103.33,7159.83,Pelophylax kl.
/media/david/One Touch/Sons/Anura_XXXXporXXES_30IV2022_i115.wav,103.76,472.35,104.22,7115.05,Pelophylax kl.
/media/david/One Touch/Sons/Anura_XXXXporXXES_30IV2022_i115.wav,104.41,534.22,106.54,8212.66,Pelophylax kl.
/media/david/One Touch/Sons/Anura_XXXXporXXES_30IV2022_i115.wav,106.89,731.9,111.48,8523.52,Pelophylax kl.
/media/david/One Touch/Sons/Anura_XXXXporXXES_30IV2022_i115.wav,110.67,-1.0,111.17,166.03,Micro
/media/david/One Touch/Sons/Anura_XXXXporXXES_30IV2022_i115.wav,111.7,158.27,112.17,534.22,Non identifié
/media/david/One Touch/Sons/Anura_XXXXporXXES_30IV2022_i115.wav,111.86,452.43,115.04,8682.99,Pelophylax kl.
/media/david/One Touch/Sons/Anura_XXXXporXXES_30IV2022_i115.wav,115.26,445.86,115.7,6391.62,Pelophylax kl.
/media/david/One Touch/Sons/Anura_XXXXporXXES_30IV2022_i115.wav,115.99,445.86,120.25,8523.52,Pelophylax kl.
/media/david/One Touch/Sons/Anura_XXXXporXXES_30IV2022_i115.wav,116.99,-1.0,117.75,191.13,Micro
/media/david/One Touch/Sons/Anura_XXXXporXXES_30IV2022_i115.wav,118.38,-1.0,118.6,161.1,Micro
/media/david/One Touch/Sons/Anura_XXXXporXXES_30IV2022_i115.wav,118.87,-1.0,119.02,254.38,Micro
/media/david/One Touch/Sons/Anura_XXXXporXXES_30IV2022_i115.wav,119.38,-1.0,119.86,322.12,Micro
/media/david/One Touch/Sons/Anura_XXXXporXXES_30IV2022_i116.wav,0.15,999.44,32.01,1755.26,Epidalea calamita
/media/david/One Touch/Sons/Anura_XXXXporXXES_30IV2022_i116.wav,0.27,-1.0,0.69,1064.23,Déplacement
/media/david/One Touch/Sons/Anura_XXXXporXXES_30IV2022_i116.wav,0.9,-1.0,0.97,364.58,Micro
/media/david/One Touch/Sons/Anura_XXXXporXXES_30IV2022_i116.wav,1.35,-1.0,1.4,269.51,Micro
/media/david/One Touch/Sons/Anura_XXXXsma07FR_02III2019_i05.wav,0.42,719.58,4.57,1490.06,Bufo spinosus
/media/david/One Touch/Sons/Anura_XXXXsma07FR_27II2019_i19.wav,0.0,777.42,1.34,15746.99,Déplacement
/media/david/One Touch/Sons/Anura_XXXXsma07FR_27II2019_i19.wav,2.44,766.34,8.43,5764.51,Pelodytes punctatus
/media/david/One Touch/Sons/Anura_XXXXsma07FR_27II2019_i19.wav,12.65,127.31,15.48,16249.96,Déplacement
/media/david/One Touch/Sons/Anura_XXXXsma07FR_27II2019_i19.wav,16.82,712.15,23.65,5340.89,Pelodytes punctatus
/media/david/One Touch/Sons/Anura_XXXXsma07FR_27II2019_i19.wav,23.62,55.83,26.47,15996.58,Déplacement
/media/david/One Touch/Sons/Anura_XXXXsma07FR_27IV2022_i114.wav,0.0,373.05,27.25,3968.17,Pelodytes punctatus
/media/david/One Touch/Sons/Anura_XXXXsma07FR_27IV2022_i114.wav,7.98,-1.0,9.21,739.19,Micro
/media/david/One Touch/Sons/Anura_XXXXsma07FR_27IV2022_i114.wav,9.63,-1.0,10.35,849.38,Déplacement
/media/david/One Touch/Sons/Anura_XXXXsma07FR_27IV2022_i114.wav,20.7,-1.0,20.81,332.6,Micro
/media/david/One Touch/Sons/Anura_XXXXsma07FR_27IV2022_i114.wav,21.34,-1.0,21.46,253.28,Micro
/media/david/One Touch/Sons/Anura_XXXXsma07FR_27IV2022_i114.wav,22.84,-1.0,22.95,301.34,Micro
/media/david/One Touch/Sons/Anura_XXXXsma07FR_27IV2022_i114.wav,29.89,-1.0,29.98,289.1,Micro
/media/david/One Touch/Sons/Anura_XXXXsma07FR_27IV2022_i114.wav,30.86,442.19,36.59,3968.17,Pelodytes punctatus
/media/david/One Touch/Sons/Anura_XXXXsma07FR_27IV2022_i114.wav,38.09,515.79,42.15,4129.91,Pelodytes punctatus
/media/david/One Touch/Sons/Anura_XXXXsma07FR_27IV2022_i114.wav,38.68,-1.0,43.55,439.34,Vent
/media/david/One Touch/Sons/Anura_XXXXsma07FR_27IV2022_i114.wav,45.63,391.48,53.73,4157.41,Pelodytes punctatus
/media/david/One Touch/Sons/Anura_XXXXsma07FR_27IV2022_i114.wav,47.35,-1.0,47.72,432.36,Vent
/media/david/One Touch/Sons/Anura_XXXXsma07FR_27IV2022_i114.wav,49.74,-1.0,52.58,378.01,Vent
/media/david/One Touch/Sons/Anura_XXXXsma07FR_27IV2022_i114.wav,54.52,-1.0,60.39,326.27,Vent
/media/david/One Touch/Sons/Anura_XXXXsma07FR_27IV2022_i114.wav,54.78,572.67,55.94,1106.8,Canis familiaris
/media/david/One Touch/Sons/Anura_XXXXsma07FR_27IV2022_i114.wav,56.39,360.94,68.14,4075.39,Pelodytes punctatus
/media/david/One Touch/Sons/Anura_XXXXsma07FR_27IV2022_i114.wav,56.66,496.78,56.82,739.19,Canis familiaris
/media/david/One Touch/Sons/Anura_XXXXsma07FR_27IV2022_i114.wav,60.59,-1.0,60.73,295.2,Micro
/media/david/One Touch/Sons/Anura_XXXXsma07FR_27IV2022_i114.wav,62.22,-1.0,62.3,371.4,Micro
/media/david/One Touch/Sons/Anura_XXXXsma07FR_27IV2022_i114.wav,64.56,604.35,64.71,1052.1,Canis familiaris
/media/david/One Touch/Sons/Anura_XXXXsma07FR_27IV2022_i114.wav,66.6,582.6,67.23,695.62,Canis familiaris
/media/david/One Touch/Sons/Anura_XXXXsma07FR_27IV2022_i114.wav,70.16,580.52,70.78,695.62,Canis familiaris
/media/david/One Touch/Sons/Anura_XXXXsma07FR_27IV2022_i114.wav,70.44,529.67,77.24,3941.75,Pelodytes punctatus
/media/david/One Touch/Sons/Anura_XXXXsma07FR_27IV2022_i114.wav,73.73,549.41,73.85,937.53,Canis familiaris
/media/david/One Touch/Sons/Anura_XXXXsma07FR_27IV2022_i114.wav,76.15,557.12,76.26,811.74,Canis familiaris
/media/david/One Touch/Sons/Anura_XXXXsma07FR_27IV2022_i114.wav,80.34,563.05,81.13,695.62,Canis familiaris
/media/david/One Touch/Sons/Anura_XXXXsma07FR_27IV2022_i114.wav,81.36,515.79,83.88,4075.39,Pelodytes punctatus
/media/david/One Touch/Sons/Anura_XXXXsma07FR_27IV2022_i114.wav,87.32,429.3,95.46,3968.17,Pelodytes punctatus
/media/david/One Touch/Sons/Anura_XXXXsma07FR_27IV2022_i114.wav,87.93,564.87,88.13,687.06,Canis familiaris
/media/david/One Touch/Sons/Anura_XXXXsma07FR_27IV2022_i114.wav,88.86,-1.0,88.95,326.27,Micro
/media/david/One Touch/Sons/Anura_XXXXsma07FR_27IV2022_i114.wav,91.77,-1.0,93.91,307.52,Vent
/media/david/One Touch/Sons/Anura_XXXXsma07FR_27IV2022_i114.wav,93.95,564.87,94.04,721.6,Canis familiaris
/media/david/One Touch/Sons/Anura_XXXXsma07FR_27IV2022_i114.wav,94.39,564.87,94.9,1030.69,Canis familiaris
/media/david/One Touch/Sons/Anura_XXXXsma07FR_27IV2022_i114.wav,96.46,-1.0,96.73,338.97,Micro
/media/david/One Touch/Sons/Anura_XXXXsma07FR_27IV2022_i114.wav,97.15,422.9,98.73,3941.75,Pelodytes punctatus
/media/david/One Touch/Sons/Anura_XXXXsma07FR_27IV2022_i114.wav,99.8,-1.0,101.04,326.27,Vent
/media/david/One Touch/Sons/Anura_XXXXsma07FR_27IV2022_i114.wav,101.17,448.69,104.73,3863.37,Pelodytes punctatus
/media/david/One Touch/Sons/Anura_XXXXsma07FR_27IV2022_i114.wav,102.08,-1.0,103.34,511.59,Vent
/media/david/One Touch/Sons/Anura_XXXXsma07FR_27IV2022_i114.wav,108.3,410.23,115.5,3915.47,Pelodytes punctatus
/media/david/One Touch/Sons/Anura_XXXXsma07FR_27IV2022_i114.wav,117.87,442.19,119.31,3968.17,Pelodytes punctatus
/media/david/One Touch/Sons/Anura_XXXXsma07FR_27IV2022_i114.wav,122.57,468.42,131.16,4240.84,Pelodytes punctatus
/media/david/One Touch/Sons/Anura_XXXXsma07FR_27IV2022_i114.wav,123.33,596.36,123.48,739.19,Canis familiaris
/media/david/One Touch/Sons/Anura_XXXXsma07FR_27IV2022_i114.wav,133.12,448.69,143.71,4102.57,Pelodytes punctatus
/media/david/One Touch/Sons/Anura_XXXXsma07FR_27IV2022_i114.wav,134.05,620.49,134.2,721.6,Canis familiaris
/media/david/One Touch/Sons/Anura_XXXXsma07FR_27IV2022_i114.wav,139.59,-1.0,140.55,283.04,Micro
/media/david/One Touch/Sons/Anura_XXXXsma07FR_27IV2022_i114.wav,145.06,403.94,156.98,3994.75,Pelodytes punctatus
/media/david/One Touch/Sons/Anura_XXXXsma07FR_27IV2022_i114.wav,146.24,-1.0,146.36,482.16,Micro
/media/david/One Touch/Sons/Anura_XXXXsma07FR_27IV2022_i114.wav,147.15,-1.0,147.37,345.38,Micro
/media/david/One Touch/Sons/Anura_XXXXsma07FR_27IV2022_i114.wav,153.68,-1.0,154.2,295.2,Micro
/media/david/One Touch/Sons/Anura_XXXXsma07FR_27IV2022_i114.wav,157.74,331.25,158.09,4048.35,Pelodytes punctatus
/media/david/One Touch/Sons/Anura_XXXXsma07FR_27IV2022_i114.wav,159.7,-1.0,163.02,277.02,Vent
/media/david/One Touch/Sons/Anura_XXXXsma07FR_27IV2022_i114.wav,160.9,391.48,167.98,3941.75,Pelodytes punctatus
/media/david/One Touch/Sons/Anura_XXXXsma07FR_27IV2022_i114.wav,169.64,488.49,171.06,4075.39,Pelodytes punctatus
/media/david/One Touch/Sons/Anura_XXXXsma07FR_27IV2022_i114.wav,173.73,416.55,175.18,3968.17,Pelodytes punctatus
/media/david/One Touch/Sons/Anura_XXXXsma07FR_27IV2022_i114.wav,176.91,366.98,178.43,3968.17,Pelodytes punctatus
/media/david/One Touch/Sons/Anura_XXXXsma07FR_27IV2022_i114.wav,177.87,-1.0,177.96,332.6,Micro
/media/david/One Touch/Sons/Anura_XXXXsma07FR_27IV2022_i114.wav,179.52,-1.0,179.78,378.01,Micro
/media/david/One Touch/Sons/Anura_XXXXsma07FR_27IV2022_i114.wav,181.55,385.3,185.89,3994.75,Pelodytes punctatus
/media/david/One Touch/Sons/Anura_XXXXsma07FR_27IV2022_i114.wav,189.72,429.3,194.48,3968.17,Pelodytes punctatus
/media/david/One Touch/Sons/Anura_XXXXsma07FR_27IV2022_i114.wav,192.06,-1.0,193.59,277.02,Vent
/media/david/One Touch/Sons/Anura_XXXXsma07FR_27IV2022_i114.wav,199.14,-1.0,199.2,313.73,Micro
/media/david/One Touch/Sons/Anura_XXXXsma07FR_27IV2022_i114.wav,200.15,495.26,203.67,3941.75,Pelodytes punctatus
/media/david/One Touch/Sons/Anura_XXXXsma07FR_27IV2022_i114.wav,207.38,572.27,208.73,4048.35,Pelodytes punctatus
/media/david/One Touch/Sons/Anura_XXXXsma07FR_27IV2022_i114.wav,211.77,557.91,213.2,3915.47,Pelodytes punctatus
/media/david/One Touch/Sons/Anura_XXXXsma07FR_27IV2022_i114.wav,212.05,-1.0,212.3,384.66,Micro
/media/david/One Touch/Sons/Anura_XXXXsma07FR_27IV2022_i114.wav,215.29,-1.0,215.47,453.44,Micro
/media/david/One Touch/Sons/Anura_XXXXsma07FR_27IV2022_i114.wav,216.07,-1.0,216.29,345.38,Micro
/media/david/One Touch/Sons/Anura_XXXXsma07FR_28II2019_i20.wav,0.58,987.74,0.87,15665.71,Déplacement
/media/david/One Touch/Sons/Anura_XXXXsma07FR_28II2019_i20.wav,0.82,1261.66,28.74,3698.17,Pelodytes punctatus
/media/david/One Touch/Sons/Anura_XXXXsma07FR_28II2019_i20.wav,17.06,-1.0,17.18,15408.67,Déplacement
/media/david/One Touch/Sons/Anura_XXXXsma07FR_28II2019_i20.wav,21.08,2823.83,21.7,15795.77,Déplacement
/media/david/One Touch/Sons/Anura_XXXXsma07FR_28II2019_i21.wav,0.33,1362.53,11.5,2423.65,Pelodytes punctatus
/media/david/One Touch/Sons/Anura_XXXXsma07FR_28II2019_i22.wav,0.54,1268.85,8.32,2574.98,Pelodytes punctatus
/media/david/One Touch/Sons/Anura_XXXXXXX07FR_23IV2022_i57.wav,3.06,989.22,20.87,1433.12,Alytes obstetricans
/media/david/One Touch/Sons/Anura_XXXXXXX07FR_23IV2022_i57.wav,42.38,1161.26,42.88,1558.92,Alytes obstetricans
/media/david/One Touch/Sons/Anura_XXXXXXX07FR_23IV2022_i57.wav,83.91,1015.25,84.26,1524.63,Alytes obstetricans
/media/david/One Touch/Sons/Anura_XXXXXXX07FR_23IV2022_i57.wav,90.76,1041.69,91.09,1457.61,Alytes obstetricans
/media/david/One Touch/Sons/Anura_XXXXXXX07FR_23IV2022_i58.wav,0.21,677.49,2.42,9725.38,Hyla meridionalis
/media/david/One Touch/Sons/Anura_XXXXXXX07FR_23IV2022_i58.wav,5.26,629.07,9.65,9873.0,Hyla meridionalis
/media/david/One Touch/Sons/Anura_XXXXXXX07FR_23IV2022_i59.wav,0.47,609.57,49.59,9071.48,Hyla meridionalis
/media/david/One Touch/Sons/Anura_XXXXXXX07FR_23IV2022_i60.wav,0.0,515.37,19.1,9124.42,Hyla meridionalis
/media/david/One Touch/Sons/Anura_XXXXXXX07FR_23IV2022_i60.wav,22.23,1598.89,22.69,2098.58,Hyla meridionalis
/media/david/One Touch/Sons/Anura_XXXXXXX07FR_23IV2022_i60.wav,25.77,517.72,50.33,8976.9,Hyla meridionalis
/media/david/One Touch/Sons/Anura_XXXXXXX07FR_23IV2022_i60.wav,52.28,1480.33,63.76,2341.42,Hyla meridionalis
/media/david/One Touch/Sons/Anura_XXXXXXX07FR_23IV2022_i60.wav,63.94,593.69,68.03,8204.25,Hyla meridionalis
/media/david/One Touch/Sons/Anura_XXXXXXX07FR_23IV2022_i60.wav,68.03,1564.37,77.76,2295.75,Hyla meridionalis
/media/david/One Touch/Sons/Anura_XXXXXXX07FR_23IV2022_i60.wav,76.54,166.38,76.9,574.27,Non identifié
/media/david/One Touch/Sons/Anura_XXXXXXX07FR_23IV2022_i60.wav,125.6,555.86,155.2,9274.19,Hyla meridionalis
/media/david/One Touch/Sons/Anura_XXXXXXX07FR_23IV2022_i60.wav,177.14,583.95,188.11,9503.14,Hyla meridionalis
/media/david/One Touch/Sons/Anura_XXXXXXX07FR_23IV2022_i60.wav,190.8,664.05,195.26,8831.59,Hyla meridionalis
/media/david/One Touch/Sons/Anura_XXXXXXX07FR_23IV2022_i60.wav,215.25,564.67,247.79,9503.14,Hyla meridionalis
/media/david/One Touch/Sons/Anura_XXXXXXX07FR_23IV2022_i60.wav,216.87,446.22,218.31,623.39,Canis familiaris
/media/david/One Touch/Sons/Anura_XXXXXXX07FR_23IV2022_i60.wav,238.04,472.53,238.96,684.84,Canis familiaris
/media/david/One Touch/Sons/Anura_XXXXXXX07FR_23IV2022_i60.wav,241.72,454.92,242.6,643.56,Canis familiaris
/media/david/One Touch/Sons/Anura_XXXXXXX07FR_23IV2022_i60.wav,248.78,420.5,250.01,674.4,Canis familiaris
/media/david/One Touch/Sons/Anura_XXXXXXX07FR_23IV2022_i60.wav,252.74,437.58,253.67,643.56,Canis familiaris
/media/david/One Touch/Sons/Anura_XXXXXXX07FR_23IV2022_i60.wav,259.7,121.69,260.3,536.29,Gargouillement
/media/david/One Touch/Sons/Anura_XXXXXXX07FR_23IV2022_i61.wav,0.0,1677.79,3.73,2300.1,Hyla meridionalis
/media/david/One Touch/Sons/Anura_XXXXXXX07FR_23IV2022_i61.wav,3.95,515.29,4.79,8793.8,Hyla meridionalis
/media/david/One Touch/Sons/Anura_XXXXXXX07FR_23IV2022_i61.wav,5.71,1608.2,9.35,2348.15,Hyla meridionalis
/media/david/One Touch/Sons/Anura_XXXXXXX07FR_23IV2022_i61.wav,11.54,1589.94,31.84,2276.36,Hyla meridionalis
/media/david/One Touch/Sons/Anura_XXXXXXX07FR_23IV2022_i61.wav,32.43,477.05,33.25,9022.8,Hyla meridionalis
/media/david/One Touch/Sons/Anura_XXXXXXX07FR_23IV2022_i100.wav,4.62,468.21,7.32,4414.67,Epidalea calamita call
/media/david/One Touch/Sons/Anura_XXXXXXX07FR_23IV2022_i100.wav,9.98,414.86,12.15,7689.82,Epidalea calamita call
/media/david/One Touch/Sons/Anura_XXXXXXX07FR_23IV2022_i101.wav,0.29,564.03,3.96,2636.48,Epidalea calamita call
/media/david/One Touch/Sons/Anura_XXXXXXX07FR_23IV2022_i101.wav,12.32,1679.76,12.56,17636.14,Goutte
/media/david/One Touch/Sons/Anura_XXXXXXX07FR_23IV2022_i101.wav,14.08,-1.0,14.2,619.75,Micro
/media/david/One Touch/Sons/Anura_XXXXXXX07FR_23IV2022_i101.wav,15.17,-1.0,15.85,1645.79,Micro
/media/david/One Touch/Sons/Anura_XXXXXXX07FR_23IV2022_i101.wav,39.07,1679.76,39.51,12663.51,Eau
/media/david/One Touch/Sons/Anura_XXXXXXX07FR_23IV2022_i101.wav,41.74,341.0,43.15,4585.97,Epidalea calamita call
/media/david/One Touch/Sons/Anura_XXXXXXX07FR_23IV2022_i101.wav,45.08,1483.05,45.14,14730.12,Goutte
/media/david/One Touch/Sons/Anura_XXXXXXX07FR_23IV2022_i101.wav,45.54,1483.05,46.13,4079.81,Eau
/media/david/One Touch/Sons/Anura_XXXXXXX07FR_23IV2022_i101.wav,50.27,379.11,52.61,2295.38,Epidalea calamita call
/media/david/One Touch/Sons/Anura_XXXXXXX07FR_23IV2022_i101.wav,54.44,1034.39,54.74,13152.64,Eau
/media/david/One Touch/Sons/Anura_XXXXXXX07FR_23IV2022_i101.wav,56.62,573.15,56.74,2008.56,Goutte
/media/david/One Touch/Sons/Anura_XXXXXXX07FR_23IV2022_i101.wav,58.04,-1.0,58.89,648.53,Micro
/media/david/One Touch/Sons/Anura_XXXXXXX07FR_23IV2022_i101.wav,61.29,442.99,62.72,10545.58,Epidalea calamita call
/media/david/One Touch/Sons/Anura_XXXXXXX07FR_23IV2022_i101.wav,64.13,-1.0,64.44,418.61,Micro
/media/david/One Touch/Sons/Anura_XXXXXXX07FR_23IV2022_i101.wav,67.62,-1.0,68.5,600.91,Micro
/media/david/One Touch/Sons/Anura_XXXXXXX07FR_23IV2022_i101.wav,75.61,-1.0,75.7,582.34,Micro
/media/david/One Touch/Sons/Anura_XXXXXXX07FR_23IV2022_i101.wav,79.02,-1.0,79.37,677.93,Micro
/media/david/One Touch/Sons/Anura_XXXXXXX07FR_23IV2022_i101.wav,82.09,-1.0,82.54,610.3,Micro
/media/david/One Touch/Sons/Anura_XXXXXXX07FR_23IV2022_i101.wav,86.31,1097.87,86.41,4045.57,Goutte
/media/david/One Touch/Sons/Anura_XXXXXXX07FR_23IV2022_i101.wav,86.62,356.08,88.24,6001.4,Epidalea calamita call
/media/david/One Touch/Sons/Anura_XXXXXXX07FR_23IV2022_i101.wav,87.28,-1.0,87.43,394.74,Micro
/media/david/One Touch/Sons/Anura_XXXXXXX07FR_23IV2022_i101.wav,88.46,-1.0,88.59,1421.17,Micro
/media/david/One Touch/Sons/Anura_XXXXXXX07FR_23IV2022_i101.wav,89.24,-1.0,89.67,275.78,Micro
/media/david/One Touch/Sons/Anura_XXXXXXX07FR_23IV2022_i101.wav,92.65,-1.0,92.76,834.85,Micro
/media/david/One Touch/Sons/Anura_XXXXXXX07FR_23IV2022_i101.wav,94.06,363.7,96.95,7263.51,Epidalea calamita call
/media/david/One Touch/Sons/Anura_XXXXXXX07FR_23IV2022_i101.wav,109.13,418.61,110.6,7149.82,Epidalea calamita call
/media/david/One Touch/Sons/Anura_XXXXXXX07FR_23IV2022_i101.wav,136.35,-1.0,136.87,914.07,Micro
/media/david/One Touch/Sons/Anura_XXXXXXX07FR_23IV2022_i102.wav,0.07,350.27,4.5,5967.5,Epidalea calamita call
/media/david/One Touch/Sons/Anura_XXXXXXX07FR_23IV2022_i102.wav,0.3,-1.0,0.63,396.76,Micro
/media/david/One Touch/Sons/Anura_XXXXXXX07FR_23IV2022_i102.wav,0.8,-1.0,1.06,291.33,Micro
/media/david/One Touch/Sons/Anura_XXXXXXX07FR_23IV2022_i102.wav,1.24,-1.0,1.42,209.06,Micro
/media/david/One Touch/Sons/Anura_XXXXXXX07FR_23IV2022_i102.wav,1.84,-1.0,1.99,202.52,Micro
/media/david/One Touch/Sons/Anura_XXXXXXX07FR_23IV2022_i102.wav,2.54,-1.0,2.76,327.77,Micro
/media/david/One Touch/Sons/Anura_XXXXXXX07FR_23IV2022_i102.wav,5.91,-1.0,6.01,428.9,Micro
/media/david/One Touch/Sons/Anura_XXXXXXX07FR_23IV2022_i102.wav,6.53,-1.0,6.64,470.39,Micro
/media/david/One Touch/Sons/Anura_XXXXXXX07FR_23IV2022_i102.wav,6.84,-1.0,7.04,183.18,Micro
/media/david/One Touch/Sons/Anura_XXXXXXX07FR_23IV2022_i102.wav,11.96,478.87,13.5,5919.54,Epidalea calamita call
/media/david/One Touch/Sons/Anura_XXXXXXX07FR_23IV2022_i102.wav,13.6,642.47,18.86,1657.57,Epidalea calamita call
/media/david/One Touch/Sons/Anura_XXXXXXX07FR_23IV2022_i102.wav,19.6,381.04,19.78,4747.18,Epidalea calamita call
/media/david/One Touch/Sons/Anura_XXXXXXX07FR_23IV2022_i102.wav,20.24,722.29,21.1,1573.99,Epidalea calamita call
/media/david/One Touch/Sons/Anura_XXXXXXX07FR_23IV2022_i102.wav,20.45,357.88,23.37,13325.21,Epidalea calamita call
/media/david/One Touch/Sons/Anura_XXXXXXX07FR_23IV2022_i102.wav,24.16,327.77,27.89,3592.43,Epidalea calamita call
/media/david/One Touch/Sons/Anura_XXXXXXX07FR_23IV2022_i102.wav,28.77,342.71,29.01,5871.92,Non identifié
/media/david/One Touch/Sons/Anura_XXXXXXX07FR_23IV2022_i102.wav,29.13,342.71,33.73,2379.46,Epidalea calamita call
/media/david/One Touch/Sons/Anura_XXXXXXX07FR_23IV2022_i103.wav,0.13,331.9,1.83,10122.19,Epidalea calamita call
/media/david/One Touch/Sons/Anura_XXXXXXX07FR_23IV2022_i103.wav,22.59,173.38,22.92,718.8,Gargouillement
/media/david/One Touch/Sons/Anura_XXXXXXX07FR_23IV2022_i103.wav,28.88,865.76,28.93,5336.59,Goutte
/media/david/One Touch/Sons/Anura_XXXXXXX07FR_23IV2022_i103.wav,48.44,293.51,51.88,4895.86,Epidalea calamita call
/media/david/One Touch/Sons/Anura_XXXXXXX07FR_23IV2022_i103.wav,57.59,363.67,59.39,2305.25,Epidalea calamita call
/media/david/One Touch/Sons/Anura_XXXXXXX07FR_23IV2022_i103.wav,62.16,842.2,63.53,10798.87,Eau
/media/david/One Touch/Sons/Anura_XXXXXXX07FR_23IV2022_i103.wav,82.78,-1.0,82.85,227.99,Micro
/media/david/One Touch/Sons/Anura_XXXXXXX07FR_23IV2022_i103.wav,101.72,-1.0,101.84,308.69,Micro
/media/david/One Touch/Sons/Anura_XXXXXXX07FR_23IV2022_i103.wav,105.75,1081.14,109.77,1536.0,Epidalea calamita call
/media/david/One Touch/Sons/Anura_XXXXXXX07FR_23IV2022_i103.wav,110.91,976.32,113.6,1502.36,Epidalea calamita call
/media/david/One Touch/Sons/Anura_XXXXXXX07FR_23IV2022_i103.wav,114.59,575.93,114.63,6541.22,Goutte
/media/david/One Touch/Sons/Anura_XXXXXXX07FR_23IV2022_i103.wav,115.16,1326.14,115.21,7537.3,Goutte
/media/david/One Touch/Sons/Anura_XXXXXXX07FR_23IV2022_i103.wav,117.44,355.63,118.62,5522.45,Epidalea calamita call
/media/david/One Touch/Sons/Anura_XXXXXXX07FR_23IV2022_i103.wav,118.78,-1.0,118.86,186.72,Micro
/media/david/One Touch/Sons/Anura_XXXXXXX07FR_23IV2022_i103.wav,122.71,807.52,122.82,19299.02,Goutte
/media/david/One Touch/Sons/Anura_XXXXXXX07FR_23IV2022_i103.wav,145.14,373.55,149.84,8459.67,Epidalea calamita call
/media/david/One Touch/Sons/Anura_XXXXXXX07FR_23IV2022_i103.wav,151.67,413.17,155.06,6651.85,Epidalea calamita call
/media/david/One Touch/Sons/Anura_XXXXXXX07FR_23IV2022_i103.wav,157.45,347.66,159.91,15846.11,Epidalea calamita call
/media/david/One Touch/Sons/Anura_XXXXXXX07FR_23IV2022_i103.wav,161.29,1081.14,161.35,3218.49,Goutte
/media/david/One Touch/Sons/Anura_XXXXXXX07FR_23IV2022_i103.wav,161.55,1767.6,161.59,9181.09,Goutte
/media/david/One Touch/Sons/Anura_XXXXXXX07FR_23IV2022_i103.wav,169.62,379.92,170.4,4219.19,Epidalea calamita call
/media/david/One Touch/Sons/Anura_XXXXXXX07FR_23IV2022_i103.wav,173.44,256.56,176.41,15597.12,Epidalea calamita call
/media/david/One Touch/Sons/Anura_XXXXXXX07FR_23IV2022_i103.wav,180.27,413.17,184.37,8052.35,Epidalea calamita call
/media/david/One Touch/Sons/Anura_XXXXXXX07FR_23IV2022_i103.wav,192.05,-1.0,192.24,220.98,Micro
/media/david/One Touch/Sons/Anura_XXXXXXX07FR_23IV2022_i103.wav,210.56,-1.0,210.72,186.72,Micro
/media/david/One Touch/Sons/Anura_XXXXXXX07FR_23IV2022_i103.wav,224.58,-1.0,224.74,214.02,Micro
/media/david/One Touch/Sons/Anura_XXXXXXX07FR_23IV2022_i104.wav,1.4,439.18,3.11,7542.58,Epidalea calamita call
/media/david/One Touch/Sons/Anura_XXXXXXX07FR_23IV2022_i104.wav,11.15,590.95,11.22,2444.2,Goutte
/media/david/One Touch/Sons/Anura_XXXXXXX07FR_23IV2022_i104.wav,11.5,669.2,11.62,2684.24,Goutte
/media/david/One Touch/Sons/Anura_XXXXXXX07FR_23IV2022_i104.wav,12.54,320.15,15.98,6008.13,Epidalea calamita call
/media/david/One Touch/Sons/Anura_XXXXXXX07FR_23IV2022_i104.wav,14.72,-1.0,14.79,180.57,Micro
/media/david/One Touch/Sons/Anura_XXXXXXX07FR_23IV2022_i104.wav,16.57,1249.09,16.67,12306.39,Goutte
/media/david/One Touch/Sons/Anura_XXXXXXX07FR_23IV2022_i104.wav,16.71,-1.0,16.84,247.8,Micro
/media/david/One Touch/Sons/Anura_XXXXXXX07FR_23IV2022_i104.wav,17.15,1084.39,17.25,2811.04,Goutte
/media/david/One Touch/Sons/Anura_XXXXXXX07FR_23IV2022_i104.wav,17.32,-1.0,18.63,206.87,Micro
/media/david/One Touch/Sons/Anura_XXXXXXX07FR_23IV2022_i104.wav,19.41,-1.0,20.5,220.31,Micro
/media/david/One Touch/Sons/Anura_XXXXXXX07FR_23IV2022_i104.wav,21.79,414.31,24.14,5578.35,Epidalea calamita call
/media/david/One Touch/Sons/Anura_XXXXXXX07FR_23IV2022_i104.wav,23.21,-1.0,23.28,261.85,Micro
/media/david/One Touch/Sons/Anura_XXXXXXX07FR_23IV2022_i104.wav,23.73,-1.0,23.81,233.95,Micro
/media/david/One Touch/Sons/Anura_XXXXXXX07FR_23IV2022_i104.wav,24.7,-1.0,24.87,342.92,Micro
/media/david/One Touch/Sons/Anura_XXXXXXX07FR_23IV2022_i104.wav,28.76,-1.0,28.91,155.04,Micro
/media/david/One Touch/Sons/Anura_XXXXXXX07FR_23IV2022_i104.wav,29.07,358.38,31.25,4523.59,Epidalea calamita call
/media/david/One Touch/Sons/Anura_XXXXXXX07FR_23IV2022_i104.wav,39.3,517.16,41.09,13823.88,Eau
/media/david/One Touch/Sons/Anura_XXXXXXX07FR_23IV2022_i104.wav,42.04,-1.0,42.13,261.85,Goutte
/media/david/One Touch/Sons/Anura_XXXXXXX07FR_23IV2022_i104.wav,49.48,553.51,52.25,7851.42,Epidalea calamita call
/media/david/One Touch/Sons/Anura_XXXXXXX07FR_23IV2022_i104.wav,66.68,350.62,69.18,4759.34,Epidalea calamita call
/media/david/One Touch/Sons/Anura_XXXXXXX07FR_23IV2022_i104.wav,73.04,333.19,76.24,8042.26,Epidalea calamita call
/media/david/One Touch/Sons/Anura_XXXXXXX07FR_23IV2022_i104.wav,76.17,-1.0,76.3,247.8,Micro
/media/david/One Touch/Sons/Anura_XXXXXXX07FR_23IV2022_i104.wav,78.07,572.09,79.98,18793.29,Eau
/media/david/One Touch/Sons/Anura_XXXXXXX07FR_23IV2022_i104.wav,80.63,350.62,84.54,12893.37,Epidalea calamita call
/media/david/One Touch/Sons/Anura_XXXXXXX07FR_23IV2022_i104.wav,81.23,-1.0,83.09,649.21,Micro
/media/david/One Touch/Sons/Anura_XXXXXXX07FR_23IV2022_i104.wav,96.12,-1.0,96.19,1525.06,Micro
/media/david/One Touch/Sons/Anura_XXXXXXX07FR_23IV2022_i104.wav,97.44,1659.95,97.51,11744.76,Goutte
/media/david/One Touch/Sons/Anura_XXXXXXX07FR_23IV2022_i104.wav,98.16,-1.0,98.24,1730.43,Micro
/media/david/One Touch/Sons/Anura_XXXXXXX07FR_23IV2022_i104.wav,98.69,358.38,103.8,4409.57,Epidalea calamita call
/media/david/One Touch/Sons/Anura_XXXXXXX07FR_23IV2022_i104.wav,105.16,2811.04,105.2,9280.09,Goutte
/media/david/One Touch/Sons/Anura_XXXXXXX07FR_23IV2022_i104.wav,106.89,-1.0,107.01,206.87,Micro
/media/david/One Touch/Sons/Anura_XXXXXXX07FR_23IV2022_i104.wav,108.72,382.0,112.23,3909.49,Epidalea calamita call
/media/david/One Touch/Sons/Anura_XXXXXXX07FR_24IV2022_i62.wav,0.1,1113.43,0.53,3006.3,Pelodytes punctatus
/media/david/One Touch/Sons/Anura_XXXXXXX07FR_24IV2022_i62.wav,0.34,-1.0,0.38,8303.94,Déplacement
/media/david/One Touch/Sons/Anura_XXXXXXX07FR_24IV2022_i62.wav,0.57,924.58,0.73,16581.5,Déplacement
/media/david/One Touch/Sons/Anura_XXXXXXX07FR_24IV2022_i62.wav,1.3,-1.0,2.26,1292.68,Déplacement
/media/david/One Touch/Sons/Anura_XXXXXXX07FR_24IV2022_i62.wav,1.66,1142.15,2.03,2251.27,Pelodytes punctatus
/media/david/One Touch/Sons/Anura_XXXXXXX07FR_24IV2022_i62.wav,2.76,1231.05,3.15,2028.32,Pelodytes punctatus
/media/david/One Touch/Sons/Anura_XXXXXXX07FR_24IV2022_i62.wav,2.84,2298.01,3.9,21002.65,Déplacement
/media/david/One Touch/Sons/Anura_XXXXXXX07FR_24IV2022_i62.wav,3.65,-1.0,3.74,2699.5,Déplacement
/media/david/One Touch/Sons/Anura_XXXXXXX07FR_24IV2022_i62.wav,3.85,1099.24,4.25,2049.84,Pelodytes punctatus
/media/david/One Touch/Sons/Anura_XXXXXXX07FR_24IV2022_i62.wav,4.56,-1.0,5.97,18895.85,Déplacement
/media/david/One Touch/Sons/Anura_XXXXXXX07FR_24IV2022_i62.wav,9.6,-1.0,11.44,20664.36,Déplacement
/media/david/One Touch/Sons/Anura_XXXXXXX07FR_24IV2022_i62.wav,12.1,-1.0,12.17,11246.59,Déplacement
/media/david/One Touch/Sons/Anura_XXXXXXX07FR_24IV2022_i62.wav,13.01,3740.22,14.81,10344.09,Déplacement
/media/david/One Touch/Sons/Anura_XXXXXXX07FR_24IV2022_i62.wav,13.13,1215.94,13.48,2251.27,Pelodytes punctatus
/media/david/One Touch/Sons/Anura_XXXXXXX07FR_24IV2022_i62.wav,14.37,1057.34,14.81,3404.78,Pelodytes punctatus
/media/david/One Touch/Sons/Anura_XXXXXXX07FR_24IV2022_i62.wav,15.95,790.1,16.36,4577.83,Pelodytes punctatus
/media/david/One Touch/Sons/Anura_XXXXXXX07FR_24IV2022_i62.wav,17.23,899.26,17.67,5672.79,Pelodytes punctatus
/media/david/One Touch/Sons/Anura_XXXXXXX07FR_24IV2022_i62.wav,18.74,837.66,20.28,4103.06,Pelodytes punctatus
/media/david/One Touch/Sons/Anura_XXXXXXX07FR_24IV2022_i62.wav,19.53,-1.0,19.85,10086.87,Déplacement
/media/david/One Touch/Sons/Anura_XXXXXXX07FR_24IV2022_i63.wav,0.46,712.54,6.86,4021.06,Pelodytes punctatus
/media/david/One Touch/Sons/Anura_XXXXXXX07FR_24IV2022_i63.wav,7.98,912.41,8.25,3736.0,Pelodytes punctatus
/media/david/One Touch/Sons/Anura_XXXXXXX07FR_24IV2022_i64.wav,0.16,341.2,53.6,5255.48,Pelodytes punctatus
/media/david/One Touch/Sons/Anura_XXXXXXX07FR_24IV2022_i65.wav,0.04,-1.0,0.59,2852.28,Déplacement
/media/david/One Touch/Sons/Anura_XXXXXXX07FR_24IV2022_i65.wav,0.84,971.84,44.98,4166.95,Pelodytes punctatus
/media/david/One Touch/Sons/Anura_XXXXXXX07FR_24IV2022_i65.wav,3.42,-1.0,4.54,1117.5,Déplacement
/media/david/One Touch/Sons/Anura_XXXXXXX07FR_24IV2022_i65.wav,6.72,-1.0,8.25,990.12,Déplacement
/media/david/One Touch/Sons/Anura_XXXXXXX07FR_24IV2022_i65.wav,11.62,-1.0,12.07,1045.59,Déplacement
/media/david/One Touch/Sons/Anura_XXXXXXX07FR_24IV2022_i65.wav,22.0,-1.0,23.02,1102.89,Déplacement
/media/david/One Touch/Sons/Anura_XXXXXXX07FR_24IV2022_i65.wav,34.01,199.54,38.73,949.67,Bug informatique
/media/david/One Touch/Sons/Anura_XXXXXXX07FR_24IV2022_i65.wav,45.92,809.48,57.93,4206.4,Pelodytes punctatus
/media/david/One Touch/Sons/Anura_XXXXXXX07FR_24IV2022_i65.wav,46.39,178.82,49.63,963.05,Bug informatique
/media/david/One Touch/Sons/Anura_XXXXXXX07FR_24IV2022_i65.wav,60.15,-1.0,60.37,15771.19,Déplacement
/media/david/One Touch/Sons/Anura_XXXXXXX07FR_24IV2022_i66.wav,0.0,342.89,100.03,7083.61,Pelodytes punctatus
/media/david/One Touch/Sons/Anura_XXXXXXX07FR_24IV2022_i67.wav,0.0,489.38,66.27,7202.72,Epidalea calamita
/media/david/One Touch/Sons/Anura_XXXXXXX07FR_24IV2022_i68.wav,0.11,911.04,30.65,3876.0,Epidalea calamita
/media/david/One Touch/Sons/Anura_XXXXXXX07FR_24IV2022_i68.wav,30.78,1144.52,37.38,1875.13,Epidalea calamita
/media/david/One Touch/Sons/Anura_XXXXXXX07FR_24IV2022_i69.wav,0.0,507.47,42.43,4037.66,Epidalea calamita
/media/david/One Touch/Sons/Anura_XXXXXXX07FR_24IV2022_i69.wav,36.21,-1.0,41.66,516.82,Déplacement
/media/david/One Touch/Sons/Anura_XXXXXXX07FR_24IV2022_i70.wav,0.0,679.86,114.78,5256.68,Pelodytes punctatus
/media/david/One Touch/Sons/Anura_XXXXXXX07FR_24IV2022_i71.wav,0.31,526.74,140.43,4870.64,Epidalea calamita
/media/david/One Touch/Sons/Anura_XXXXXXX07FR_24IV2022_i72.wav,0.0,526.94,66.73,4990.12,Epidalea calamita
/media/david/One Touch/Sons/Anura_XXXXXXX07FR_24IV2022_i73.wav,0.0,310.68,98.07,4565.06,Epidalea calamita
/media/david/One Touch/Sons/Anura_XXXXXXX07FR_24IV2022_i74.wav,0.0,747.79,161.05,1803.91,Epidalea calamita
/media/david/One Touch/Sons/Anura_XXXXXXX07FR_24IV2022_i75.wav,0.0,316.87,23.05,5936.81,Pelodytes punctatus
/media/david/One Touch/Sons/Anura_XXXXXXX07FR_24IV2022_i76.wav,0.0,511.3,12.3,9845.26,Epidalea calamita
/media/david/One Touch/Sons/Anura_XXXXXXX07FR_24IV2022_i77.wav,0.2,228.52,81.43,5610.09,Pelodytes punctatus
/media/david/One Touch/Sons/Anura_XXXXXXX07FR_25IV2022_i78.wav,0.11,824.91,19.66,5108.06,Pelodytes punctatus
/media/david/One Touch/Sons/Anura_XXXXXXX07FR_25IV2022_i78.wav,21.0,476.89,27.97,5661.52,Mouche
/media/david/One Touch/Sons/Anura_XXXXXXX07FR_25IV2022_i78.wav,27.97,772.45,54.19,5399.81,Pelodytes punctatus
/media/david/One Touch/Sons/Anura_XXXXXXX07FR_25IV2022_i78.wav,29.09,-1.0,34.28,824.91,Vent
/media/david/One Touch/Sons/Anura_XXXXXXX07FR_25IV2022_i78.wav,31.17,912.76,32.12,1914.47,Mouche
/media/david/One Touch/Sons/Anura_XXXXXXX07FR_25IV2022_i78.wav,36.2,-1.0,40.41,1207.87,Vent
/media/david/One Touch/Sons/Anura_XXXXXXX07FR_25IV2022_i78.wav,43.41,-1.0,52.42,1248.37,Vent
/media/david/One Touch/Sons/Anura_XXXXXXX07FR_25IV2022_i79.wav,4.47,695.58,17.86,5082.59,Pelodytes punctatus
/media/david/One Touch/Sons/Anura_XXXXXXX07FR_25IV2022_i79.wav,12.03,322.6,16.71,675.07,Vent
/media/david/One Touch/Sons/Anura_XXXXXXX07FR_25IV2022_i79.wav,20.98,1291.12,32.89,5300.67,Pelodytes punctatus
/media/david/One Touch/Sons/Anura_XXXXXXX07FR_25IV2022_i79.wav,22.39,-1.0,31.44,1366.21,Vent
/media/david/One Touch/Sons/Anura_XXXXXXX07FR_25IV2022_i80.wav,0.0,-1.0,64.18,932.94,Vent
/media/david/One Touch/Sons/Anura_XXXXXXX07FR_25IV2022_i80.wav,7.47,556.67,131.92,4317.36,Pelodytes punctatus
/media/david/One Touch/Sons/Anura_XXXXXXX07FR_25IV2022_i81.wav,0.67,631.58,31.84,4930.01,Hyla meridionalis
/media/david/One Touch/Sons/Anura_XXXXXXX07FR_25IV2022_i82.wav,0.27,614.62,54.82,4987.99,Hyla meridionalis
/media/david/One Touch/Sons/Anura_XXXXXXX07FR_25IV2022_i83.wav,0.21,560.97,68.33,5660.24,Hyla meridionalis
/media/david/One Touch/Sons/Anura_XXXXXXX07FR_25IV2022_i84.wav,0.66,454.25,54.28,5502.03,Hyla meridionalis
/media/david/One Touch/Sons/Anura_XXXXXXX07FR_25IV2022_i85.wav,0.18,491.65,60.7,10183.61,Hyla meridionalis
/media/david/One Touch/Sons/Anura_XXXXXXX07FR_25IV2022_i85.wav,12.51,275.8,37.58,526.78,Canis familiaris
/media/david/One Touch/Sons/Anura_XXXXXXX07FR_25IV2022_i86.wav,0.0,-1.0,0.73,639.32,Déplacement
/media/david/One Touch/Sons/Anura_XXXXXXX07FR_25IV2022_i86.wav,0.3,481.86,22.21,4012.36,Pelodytes punctatus
/media/david/One Touch/Sons/Anura_XXXXXXX07FR_25IV2022_i86.wav,1.96,-1.0,4.15,669.2,Déplacement
/media/david/One Touch/Sons/Anura_XXXXXXX07FR_25IV2022_i86.wav,5.89,-1.0,7.73,590.95,Déplacement
/media/david/One Touch/Sons/Anura_XXXXXXX07FR_25IV2022_i86.wav,11.3,-1.0,11.85,473.2,Déplacement
/media/david/One Touch/Sons/Anura_XXXXXXX07FR_25IV2022_i87.wav,0.14,441.53,132.43,3980.96,Pelodytes punctatus
/media/david/One Touch/Sons/Anura_XXXXXXX07FR_25IV2022_i87.wav,2.15,-1.0,2.66,529.06,Déplacement
/media/david/One Touch/Sons/Anura_XXXXXXX07FR_25IV2022_i87.wav,56.13,207.86,57.25,502.12,Voix
/media/david/One Touch/Sons/Anura_XXXXXXX07FR_25IV2022_i87.wav,62.55,392.03,62.99,2487.77,Klaxon
/media/david/One Touch/Sons/Anura_XXXXXXX07FR_25IV2022_i87.wav,95.71,-1.0,97.46,400.13,Déplacement
/media/david/One Touch/Sons/Anura_XXXXXXX07FR_25IV2022_i88.wav,0.0,299.53,226.52,6577.28,Pelodytes punctatus
/media/david/One Touch/Sons/Anura_XXXXXXX07FR_25IV2022_i88.wav,0.15,-1.0,2.42,836.93,Déplacement
/media/david/One Touch/Sons/Anura_XXXXXXX07FR_25IV2022_i88.wav,50.73,498.04,50.9,714.47,Canis familiaris
/media/david/One Touch/Sons/Anura_XXXXXXX07FR_25IV2022_i88.wav,56.95,525.48,57.37,693.27,Canis familiaris
/media/david/One Touch/Sons/Anura_XXXXXXX07FR_25IV2022_i88.wav,142.89,-1.0,144.3,462.41,Déplacement
/media/david/One Touch/Sons/Anura_XXXXXXX07FR_25IV2022_i88.wav,145.47,-1.0,145.84,631.58,Déplacement
/media/david/One Touch/Sons/Anura_XXXXXXX07FR_25IV2022_i88.wav,146.71,-1.0,146.96,611.63,Déplacement
/media/david/One Touch/Sons/Anura_XXXXXXX07FR_25IV2022_i88.wav,183.53,553.55,184.08,757.83,Canis familiaris
/media/david/One Touch/Sons/Anura_XXXXXXX07FR_25IV2022_i88.wav,186.36,553.55,186.64,714.47,Canis familiaris
/media/david/One Touch/Sons/Anura_XXXXXXX07FR_25IV2022_i88.wav,194.51,582.26,195.2,735.98,Canis familiaris
/media/david/One Touch/Sons/Anura_XXXXXXX07FR_25IV2022_i89.wav,24.74,490.67,85.86,4524.84,Hyla meridionalis
/media/david/One Touch/Sons/Anura_XXXXXXX07FR_25IV2022_i90.wav,0.25,544.94,18.96,9355.34,Hyla meridionalis
/media/david/One Touch/Sons/Anura_XXXXXXX07FR_25IV2022_i90.wav,19.83,876.38,39.57,2928.92,Hyla meridionalis
/media/david/One Touch/Sons/Anura_XXXXXXX07FR_25IV2022_i90.wav,40.15,522.34,62.42,9526.64,Hyla meridionalis
/media/david/One Touch/Sons/Anura_XXXXXXX07FR_25IV2022_i90.wav,62.42,642.54,85.57,3182.6,Hyla meridionalis
/media/david/One Touch/Sons/Anura_XXXXXXX07FR_25IV2022_i90.wav,86.94,517.22,152.47,9469.22,Hyla meridionalis
/media/david/One Touch/Sons/Anura_XXXXXXX07FR_25IV2022_i90.wav,152.64,586.0,209.59,3316.01,Hyla meridionalis
/media/david/One Touch/Sons/Anura_XXXXXXX07FR_25IV2022_i90.wav,209.96,470.17,235.26,9937.78,Hyla meridionalis
/media/david/One Touch/Sons/Anura_XXXXXXX07FR_25IV2022_i90.wav,235.26,467.29,247.42,3501.05,Hyla meridionalis
/media/david/One Touch/Sons/Anura_XXXXXXX07FR_25IV2022_i90.wav,247.83,496.83,290.35,10365.44,Hyla meridionalis
/media/david/One Touch/Sons/Anura_XXXXXXX07FR_25IV2022_i91.wav,0.08,-1.0,2.57,9248.25,Déplacement
/media/david/One Touch/Sons/Anura_XXXXXXX07FR_25IV2022_i91.wav,3.04,-1.0,4.7,4581.37,Déplacement
/media/david/One Touch/Sons/Anura_XXXXXXX07FR_25IV2022_i91.wav,6.77,-1.0,11.62,8226.36,Déplacement
/media/david/One Touch/Sons/Anura_XXXXXXX07FR_25IV2022_i91.wav,12.48,857.99,15.62,2802.42,Hyla meridionalis
/media/david/One Touch/Sons/Anura_XXXXXXX07FR_25IV2022_i91.wav,13.16,-1.0,14.65,5897.33,Déplacement
/media/david/One Touch/Sons/Anura_XXXXXXX07FR_25IV2022_i91.wav,14.97,697.96,23.03,2862.87,Hyla meridionalis
/media/david/One Touch/Sons/Anura_XXXXXXX07FR_25IV2022_i91.wav,23.03,484.8,37.44,5020.46,Hyla meridionalis
/media/david/One Touch/Sons/Anura_XXXXXXX07FR_25IV2022_i91.wav,37.44,658.64,50.26,4672.53,Hyla meridionalis
/media/david/One Touch/Sons/Anura_XXXXXXX07FR_25IV2022_i91.wav,50.26,471.36,83.84,5287.57,Hyla meridionalis
/media/david/One Touch/Sons/Anura_XXXXXXX07FR_25IV2022_i92.wav,0.0,595.17,8.21,3197.09,Hyla meridionalis
/media/david/One Touch/Sons/Anura_XXXXXXX07FR_25IV2022_i92.wav,3.31,3134.13,6.05,8340.21,Pelophylax kl.
/media/david/One Touch/Sons/Anura_XXXXXXX07FR_25IV2022_i92.wav,7.0,-1.0,7.98,774.75,Déplacement
/media/david/One Touch/Sons/Anura_XXXXXXX07FR_25IV2022_i93.wav,0.0,528.34,93.15,6091.12,Hyla meridionalis
/media/david/One Touch/Sons/Anura_XXXXXXX07FR_25IV2022_i94.wav,0.37,546.86,66.5,5292.75,Hyla meridionalis
/media/david/One Touch/Sons/Anura_XXXXXXX07FR_25IV2022_i94.wav,44.61,-1.0,96.65,399.21,Micro
/media/david/One Touch/Sons/Anura_XXXXXXX07FR_25IV2022_i94.wav,66.5,381.49,99.32,9350.38,Hyla meridionalis
/media/david/One Touch/Sons/Anura_XXXXXXXXXFR_09VIII2018_i06.wav,0.0,429.83,1.51,11414.38,Epidalea calamita
/media/david/One Touch/Sons/Anura_XXXXXXXXXFR_09VIII2018_i07.wav,0.0,84.83,3.73,12031.72,Epidalea calamita
/media/david/One Touch/Sons/Anura_XXXXXXXXXFR_09VIII2018_i07.wav,3.09,37.66,5.99,122.06,Voiture
/media/david/One Touch/Sons/Anura_XXXXXXXXXFR_09VIII2018_i07.wav,3.73,1056.82,5.99,3508.37,Epidalea calamita
/media/david/One Touch/Sons/Anura_XXXXXXXXXFR_09VIII2018_i08.wav,0.0,430.58,0.86,12211.56,Epidalea calamita
/media/david/One Touch/Sons/Anura_XXXXXXXXXFR_09VIII2018_i08.wav,0.86,1042.26,63.58,3367.45,Epidalea calamita
/media/david/One Touch/Sons/Anura_XXXXXXXXXFR_09VIII2018_i08.wav,3.04,3344.38,4.74,15790.77,Déplacement
/media/david/One Touch/Sons/Anura_XXXXXXXXXFR_09VIII2018_i08.wav,12.39,3275.92,12.69,16266.68,Déplacement
/media/david/One Touch/Sons/Anura_XXXXXXXXXFR_09VIII2018_i08.wav,15.45,3581.18,15.54,16074.69,Branche
/media/david/One Touch/Sons/Anura_XXXXXXXXXFR_09VIII2018_i08.wav,22.2,3098.99,22.75,15979.51,Déplacement
/media/david/One Touch/Sons/Anura_XXXXXXXXXFR_09VIII2018_i09.wav,0.0,951.11,1.94,3348.0,Epidalea calamita
/media/david/One Touch/Sons/Anura_XXXXXXXXXFR_09VIII2018_i09.wav,0.24,118.78,0.47,290.48,Gargouillement
/media/david/One Touch/Sons/Anura_XXXXXXXXXFR_09VIII2018_i09.wav,0.77,3588.05,0.99,16010.38,Déplacement
/media/david/One Touch/Sons/Anura_XXXXXXXXXFR_09VIII2018_i10.wav,0.0,953.96,5.18,7662.42,Epidalea calamita
/media/david/One Touch/Sons/Anura_XXXXXXXXXFR_09VIII2018_i11.wav,0.0,351.75,1.87,11895.51,Epidalea calamita
/media/david/One Touch/Sons/Anura_XXXXXXXXXFR_09VIII2018_i11.wav,1.87,652.54,12.79,3121.26,Epidalea calamita
/media/david/One Touch/Sons/Anura_XXXXXXXXXFR_09VIII2018_i11.wav,3.31,3247.32,3.39,13994.99,Déplacement
/media/david/One Touch/Sons/Anura_XXXXXXXXXFR_09VIII2018_i11.wav,3.83,3121.26,4.63,16032.13,Déplacement
/media/david/One Touch/Sons/Anura_XXXXXXXXXFR_09VIII2018_i11.wav,9.95,3090.38,10.46,15497.79,Déplacement
/media/david/One Touch/Sons/Anura_XXXXXXXXXFR_09VIII2018_i11.wav,12.79,598.77,14.74,15366.89,Epidalea calamita
/media/david/One Touch/Sons/Anura_XXXXXXXXXFR_09VIII2018_i12.wav,0.84,69.11,4.81,12509.46,Epidalea calamita
/media/david/One Touch/Sons/Anura_XXXXXXXXXFR_09VIII2018_i12.wav,4.81,914.86,14.55,2638.64,Epidalea calamita
/media/david/One Touch/Sons/Anura_XXXXXXXXXFR_09VIII2018_i12.wav,14.55,1085.49,18.28,2991.43,Epidalea calamita
/media/david/One Touch/Sons/Anura_XXXXXXXXXFR_09VIII2018_i12.wav,18.28,1004.61,18.9,3020.06,Epidalea calamita
/media/david/One Touch/Sons/Anura_XXXXXXXXXFR_09VIII2018_i13.wav,0.0,52.44,1.79,16031.86,Epidalea calamita
/media/david/One Touch/Sons/Anura_XXXXXXXXXFR_09VIII2018_i14.wav,0.0,62.77,3.22,15743.52,Epidalea calamita
/media/david/One Touch/Sons/Anura_XXXXXXXXXFR_09VIII2018_i15.wav,0.0,104.68,2.79,13758.45,Epidalea calamita
/media/david/One Touch/Sons/Anura_XXXXXXXXXFR_09VIII2018_i16.wav,0.0,54.65,13.72,13298.36,Epidalea calamita
/media/david/One Touch/Sons/Anura_XXXXXXXXXFR_09VIII2018_i17.wav,0.0,832.41,13.87,9101.34,Hyla meridionalis
/media/david/One Touch/Sons/Anura_XXXXXXXXXFR_09VIII2018_i17.wav,0.65,3245.02,1.91,16487.79,Déplacement
/media/david/One Touch/Sons/Anura_XXXXXXXXXFR_09VIII2018_i18.wav,0.0,839.64,8.88,14378.45,Hyla meridionalis
/media/david/One Touch/Sons/Anura_XXXXXXXXXFR_09VIII2018_i18.wav,5.56,4420.27,6.29,16206.69,Déplacement
/media/david/One Touch/Sons/Anura_XXXXXXXXXFR_09VIII2018_i18.wav,8.63,4644.79,8.92,16450.29,Déplacement
/media/david/One Touch/Sons/Anura_XXXXXXXXXFR_09VIII2018_i18.wav,8.92,653.65,9.05,15729.83,Déplacement
/media/david/One Touch/Sons/Anura_XXXXXXXXXFR_14VII2017_i02.wav,0.0,1244.58,15.16,1522.03,Alytes obstetricans
/media/david/One Touch/Sons/Anura_XXXXXXXXXFR_14VII2017_i03.wav,0.39,1121.55,10.23,1484.92,Alytes obstetricans
/media/david/One Touch/Sons/Anura_XXXXXXXXXFR_14VII2017_i04.wav,0.33,1096.69,23.84,1532.55,Alytes obstetricans
